Wk,Day,Date,Time,Home,HomeScore,xGHome,AwayScore,xGAway,Away,Attendance,Venue,Referee,Match Report
0,1.0,Fri,2022-08-05,20:00,Crystal Palace,0,1.2,2,1.0,Arsenal,25286.0,Selhurst Park,Anthony Taylor,https://fbref.com/en/matches/e62f6e78/Crystal-Palace-Arsenal-August-5-2022-Premier-League
1,1.0,Sat,2022-08-06,12:30,Fulham,2,1.2,2,1.2,Liverpool,22207.0,Craven Cottage,Andy Madley,https://fbref.com/en/matches/6713c1dc/Fulham-Liverpool-August-6-2022-Premier-League
2,1.0,Sat,2022-08-06,15:00,Tottenham,4,1.5,1,0.5,Southampton,61732.0,Tottenham Hotspur Stadium,Andre Marriner,https://fbref.com/en/matches/09d8a999/Tottenham-Hotspur-Southampton-August-6-2022-Premier-League
3,1.0,Sat,2022-08-06,15:00,Newcastle Utd,2,1.7,0,0.3,Nott'ham Forest,52245.0,St James' Park,Simon Hooper,https://fbref.com/en/matches/1ac96eb4/Newcastle-United-Nottingham-Forest-August-6-2022-Premier-League
4,1.0,Sat,2022-08-06,15:00,Leeds United,2,0.8,1,1.3,Wolves,36347.0,Elland Road,Robert Jones,https://fbref.com/en/matches/82702941/Leeds-United-Wolverhampton-Wanderers-August-6-2022-Premier-League
5,1.0,Sat,2022-08-06,15:00,Bournemouth,2,0.6,0,0.7,Aston Villa,11013.0,Vitality Stadium,Peter Bankes,https://fbref.com/en/matches/877e3193/Bournemouth-Aston-Villa-August-6-2022-Premier-League
6,1.0,Sat,2022-08-06,17:30,Everton,0,0.7,1,1.5,Chelsea,39254.0,Goodison Park,Craig Pawson,https://fbref.com/en/matches/3a917cee/Everton-Chelsea-August-6-2022-Premier-League
7,1.0,Sun,2022-08-07,14:00,Leicester City,2,0.6,2,0.8,Brentford,31794.0,King Power Stadium,Jarred Gillett,https://fbref.com/en/matches/3249ba27/Leicester-City-Brentford-August-7-2022-Premier-League
8,1.0,Sun,2022-08-07,14:00,Manchester Utd,1,1.4,2,1.5,Brighton,73711.0,Old Trafford,Paul Tierney,https://fbref.com/en/matches/8251694e/Manchester-United-Brighton-and-Hove-Albion-August-7-2022-Premier-League
9,1.0,Sun,2022-08-07,16:30,West Ham,0,0.5,2,2.2,Manchester City,62443.0,London Stadium,Michael Oliver,https://fbref.com/en/matches/ece62baf/West-Ham-United-Manchester-City-August-7-2022-Premier-League
17,2.0,Sat,2022-08-13,17:30,Brentford,4,1.6,0,0.9,Manchester Utd,17051.0,Brentford Community Stadium,Stuart Attwell,https://fbref.com/en/matches/8cd71c65/Aston-Villa-Everton-August-13-2022-Premier-League
16,2.0,Sat,2022-08-13,15:00,Brighton,0,1.5,0,0.2,Newcastle Utd,31552.0,The American Express Community Stadium,Graham Scott,https://fbref.com/en/matches/311d705c/Manchester-City-Bournemouth-August-13-2022-Premier-League
15,2.0,Sat,2022-08-13,15:00,Arsenal,4,2.7,2,0.5,Leicester City,60033.0,Emirates Stadium,Darren England,https://fbref.com/en/matches/54b33a13/Southampton-Leeds-United-August-13-2022-Premier-League
12,2.0,Sat,2022-08-13,15:00,Manchester City,4,1.7,0,0.1,Bournemouth,53453.0,Etihad Stadium,David Coote,https://fbref.com/en/matches/669b1665/Wolverhampton-Wanderers-Fulham-August-13-2022-Premier-League
13,2.0,Sat,2022-08-13,15:00,Southampton,2,1.2,2,1.8,Leeds United,30815.0,St. Mary's Stadium,Tony Harrington,https://fbref.com/en/matches/7483b97f/Arsenal-Leicester-City-August-13-2022-Premier-League
11,2.0,Sat,2022-08-13,12:30,Aston Villa,2,2.3,1,1.6,Everton,41883.0,Villa Park,Michael Oliver,https://fbref.com/en/matches/c916a5f6/Brighton-and-Hove-Albion-Newcastle-United-August-13-2022-Premier-League
14,2.0,Sat,2022-08-13,15:00,Wolves,0,0.9,0,1.5,Fulham,31178.0,Molineux Stadium,John Brooks,https://fbref.com/en/matches/04712d4e/Brentford-Manchester-United-August-13-2022-Premier-League
18,2.0,Sun,2022-08-14,14:00,Nott'ham Forest,1,1.3,0,2.1,West Ham,29281.0,The City Ground,Robert Jones,https://fbref.com/en/matches/b1ebeda5/Nottingham-Forest-West-Ham-United-August-14-2022-Premier-League
19,2.0,Sun,2022-08-14,16:30,Chelsea,2,1.6,2,1.0,Tottenham,39946.0,Stamford Bridge,Anthony Taylor,https://fbref.com/en/matches/01e57bf5/Chelsea-Tottenham-Hotspur-August-14-2022-Premier-League
20,2.0,Mon,2022-08-15,20:00,Liverpool,1,2.0,1,1.0,Crystal Palace,52970.0,Anfield,Paul Tierney,https://fbref.com/en/matches/b3c6f709/Liverpool-Crystal-Palace-August-15-2022-Premier-League
26,3.0,Sat,2022-08-20,15:00,Fulham,3,2.4,2,1.8,Brentford,21798.0,Craven Cottage,Peter Bankes,https://fbref.com/en/matches/5cc3bd0e/Tottenham-Hotspur-Wolverhampton-Wanderers-August-20-2022-Premier-League
27,3.0,Sat,2022-08-20,17:30,Bournemouth,0,0.3,3,1.3,Arsenal,10423.0,Vitality Stadium,Craig Pawson,https://fbref.com/en/matches/02efd4d1/Leicester-City-Southampton-August-20-2022-Premier-League
25,3.0,Sat,2022-08-20,15:00,Crystal Palace,3,2.6,1,0.9,Aston Villa,22012.0,Selhurst Park,Andy Madley,https://fbref.com/en/matches/3c3cc86f/Everton-Nottingham-Forest-August-20-2022-Premier-League
24,3.0,Sat,2022-08-20,15:00,Everton,1,1.5,1,1.0,Nott'ham Forest,39271.0,Goodison Park,Andre Marriner,https://fbref.com/en/matches/3f89bccf/Crystal-Palace-Aston-Villa-August-20-2022-Premier-League
23,3.0,Sat,2022-08-20,15:00,Leicester City,1,0.3,2,0.9,Southampton,30850.0,King Power Stadium,Michael Salisbury,https://fbref.com/en/matches/a107c037/Fulham-Brentford-August-20-2022-Premier-League
22,3.0,Sat,2022-08-20,12:30,Tottenham,1,1.7,0,0.7,Wolves,61298.0,Tottenham Hotspur Stadium,Simon Hooper,https://fbref.com/en/matches/7f11dd9e/Bournemouth-Arsenal-August-20-2022-Premier-League
28,3.0,Sun,2022-08-21,14:00,Leeds United,3,2.1,0,0.9,Chelsea,36372.0,Elland Road,Stuart Attwell,https://fbref.com/en/matches/a5632124/Leeds-United-Chelsea-August-21-2022-Premier-League
29,3.0,Sun,2022-08-21,14:00,West Ham,0,0.8,2,1.7,Brighton,62449.0,London Stadium,Anthony Taylor,https://fbref.com/en/matches/aa2a3517/West-Ham-United-Brighton-and-Hove-Albion-August-21-2022-Premier-League
30,3.0,Sun,2022-08-21,16:30,Newcastle Utd,3,1.8,3,2.1,Manchester City,52258.0,St James' Park,Jarred Gillett,https://fbref.com/en/matches/b513d9fe/Newcastle-United-Manchester-City-August-21-2022-Premier-League
31,3.0,Mon,2022-08-22,20:00,Manchester Utd,2,1.8,1,1.3,Liverpool,74147.0,Old Trafford,Michael Oliver,https://fbref.com/en/matches/3c9a8f71/North-West-Derby-Manchester-United-Liverpool-August-22-2022-Premier-League
39,4.0,Sat,2022-08-27,17:30,Arsenal,2,2.6,1,0.8,Fulham,60164.0,Emirates Stadium,Jarred Gillett,https://fbref.com/en/matches/dff99b20/Southampton-Manchester-United-August-27-2022-Premier-League
38,4.0,Sat,2022-08-27,15:00,Liverpool,9,3.3,0,0.3,Bournemouth,53328.0,Anfield,Stuart Attwell,https://fbref.com/en/matches/3b9bbac7/Manchester-City-Crystal-Palace-August-27-2022-Premier-League
36,4.0,Sat,2022-08-27,15:00,Chelsea,2,1.8,1,2.5,Leicester City,39953.0,Stamford Bridge,Paul Tierney,https://fbref.com/en/matches/77c70160/Brighton-and-Hove-Albion-Leeds-United-August-27-2022-Premier-League
37,4.0,Sat,2022-08-27,15:00,Brentford,1,2.1,1,1.1,Everton,17009.0,Brentford Community Stadium,John Brooks,https://fbref.com/en/matches/b737a3a7/Chelsea-Leicester-City-August-27-2022-Premier-League
34,4.0,Sat,2022-08-27,15:00,Manchester City,4,2.2,2,0.1,Crystal Palace,53112.0,Etihad Stadium,Darren England,https://fbref.com/en/matches/db59fc65/Brentford-Everton-August-27-2022-Premier-League
33,4.0,Sat,2022-08-27,12:30,Southampton,0,1.4,1,1.1,Manchester Utd,31196.0,St. Mary's Stadium,Andy Madley,https://fbref.com/en/matches/de515487/Liverpool-Bournemouth-August-27-2022-Premier-League
35,4.0,Sat,2022-08-27,15:00,Brighton,1,2.0,0,1.8,Leeds United,30953.0,The American Express Community Stadium,Michael Salisbury,https://fbref.com/en/matches/8b69fd2d/Arsenal-Fulham-August-27-2022-Premier-League
40,4.0,Sun,2022-08-28,14:00,Wolves,1,0.7,1,1.7,Newcastle Utd,31311.0,Molineux Stadium,Peter Bankes,https://fbref.com/en/matches/15d62d04/Wolverhampton-Wanderers-Newcastle-United-August-28-2022-Premier-League
41,4.0,Sun,2022-08-28,14:00,Aston Villa,0,0.5,1,0.6,West Ham,41796.0,Villa Park,David Coote,https://fbref.com/en/matches/659b9113/Aston-Villa-West-Ham-United-August-28-2022-Premier-League
42,4.0,Sun,2022-08-28,16:30,Nott'ham Forest,0,0.9,2,2.4,Tottenham,29296.0,The City Ground,Craig Pawson,https://fbref.com/en/matches/3c364307/Nottingham-Forest-Tottenham-Hotspur-August-28-2022-Premier-League
44,5.0,Tue,2022-08-30,19:30,Fulham,2,0.7,1,1.4,Brighton,22224.0,Craven Cottage,Thomas Bramall,https://fbref.com/en/matches/361f4461/Fulham-Brighton-and-Hove-Albion-August-30-2022-Premier-League
45,5.0,Tue,2022-08-30,19:30,Crystal Palace,1,1.0,1,1.4,Brentford,25043.0,Selhurst Park,Simon Hooper,https://fbref.com/en/matches/e1d6440f/Crystal-Palace-Brentford-August-30-2022-Premier-League
46,5.0,Tue,2022-08-30,19:45,Southampton,2,1.1,1,1.1,Chelsea,31542.0,St. Mary's Stadium,Michael Oliver,https://fbref.com/en/matches/afd303a8/Southampton-Chelsea-August-30-2022-Premier-League
47,5.0,Tue,2022-08-30,20:00,Leeds United,1,1.0,1,1.0,Everton,36338.0,Elland Road,Darren England,https://fbref.com/en/matches/42d294e5/Leeds-United-Everton-August-30-2022-Premier-League
52,5.0,Wed,2022-08-31,20:00,Liverpool,2,1.5,1,0.7,Newcastle Utd,53316.0,Anfield,Andre Marriner,https://fbref.com/en/matches/91b239d8/Bournemouth-Wolverhampton-Wanderers-August-31-2022-Premier-League
51,5.0,Wed,2022-08-31,19:45,West Ham,1,1.2,1,0.6,Tottenham,62450.0,London Stadium,Peter Bankes,https://fbref.com/en/matches/9760b466/Manchester-City-Nottingham-Forest-August-31-2022-Premier-League
50,5.0,Wed,2022-08-31,19:30,Arsenal,2,2.4,1,0.4,Aston Villa,60012.0,Emirates Stadium,Robert Jones,https://fbref.com/en/matches/cc235aad/Arsenal-Aston-Villa-August-31-2022-Premier-League
49,5.0,Wed,2022-08-31,19:30,Manchester City,6,3.3,0,0.7,Nott'ham Forest,53409.0,Etihad Stadium,Paul Tierney,https://fbref.com/en/matches/9f221621/West-Ham-United-Tottenham-Hotspur-August-31-2022-Premier-League
48,5.0,Wed,2022-08-31,19:30,Bournemouth,0,0.4,0,1.5,Wolves,10113.0,Vitality Stadium,Anthony Taylor,https://fbref.com/en/matches/ac6047cf/Liverpool-Newcastle-United-August-31-2022-Premier-League
53,5.0,Thu,2022-09-01,20:00,Leicester City,0,0.7,1,1.5,Manchester Utd,32226.0,King Power Stadium,Craig Pawson,https://fbref.com/en/matches/c1f25d02/Leicester-City-Manchester-United-September-1-2022-Premier-League
55,6.0,Sat,2022-09-03,12:30,Everton,0,1.7,0,2.1,Liverpool,39240.0,Goodison Park,Anthony Taylor,https://fbref.com/en/matches/073227b6/Merseyside-Derby-Everton-Liverpool-September-3-2022-Premier-League
56,6.0,Sat,2022-09-03,15:00,Nott'ham Forest,2,1.9,3,0.8,Bournemouth,28720.0,The City Ground,Michael Oliver,https://fbref.com/en/matches/05f32555/Nottingham-Forest-Bournemouth-September-3-2022-Premier-League
57,6.0,Sat,2022-09-03,15:00,Wolves,1,0.8,0,1.2,Southampton,30546.0,Molineux Stadium,John Brooks,https://fbref.com/en/matches/13f50518/Wolverhampton-Wanderers-Southampton-September-3-2022-Premier-League
58,6.0,Sat,2022-09-03,15:00,Newcastle Utd,0,2.8,0,1.0,Crystal Palace,51863.0,St James' Park,Michael Salisbury,https://fbref.com/en/matches/4ca4efa3/Newcastle-United-Crystal-Palace-September-3-2022-Premier-League
59,6.0,Sat,2022-09-03,15:00,Brentford,5,2.3,2,1.7,Leeds United,17092.0,Brentford Community Stadium,Robert Jones,https://fbref.com/en/matches/88f9aad9/Brentford-Leeds-United-September-3-2022-Premier-League
60,6.0,Sat,2022-09-03,15:00,Tottenham,2,2.9,1,0.7,Fulham,61641.0,Tottenham Hotspur Stadium,Stuart Attwell,https://fbref.com/en/matches/a497b725/Tottenham-Hotspur-Fulham-September-3-2022-Premier-League
61,6.0,Sat,2022-09-03,15:00,Chelsea,2,0.9,1,1.1,West Ham,39923.0,Stamford Bridge,Andy Madley,https://fbref.com/en/matches/d7642197/Chelsea-West-Ham-United-September-3-2022-Premier-League
62,6.0,Sat,2022-09-03,17:30,Aston Villa,1,0.3,1,2.1,Manchester City,41830.0,Villa Park,Simon Hooper,https://fbref.com/en/matches/3091f0b8/Aston-Villa-Manchester-City-September-3-2022-Premier-League
64,6.0,Sun,2022-09-04,16:30,Manchester Utd,3,1.5,1,1.3,Arsenal,73431.0,Old Trafford,Paul Tierney,https://fbref.com/en/matches/42d5b3b1/Brighton-and-Hove-Albion-Leicester-City-September-4-2022-Premier-League
63,6.0,Sun,2022-09-04,14:00,Brighton,5,2.6,2,1.4,Leicester City,31185.0,The American Express Community Stadium,Tony Harrington,https://fbref.com/en/matches/61ddafa5/Manchester-United-Arsenal-September-4-2022-Premier-League
66,8.0,Fri,2022-09-16,20:00,Aston Villa,1,1.5,0,0.3,Southampton,40758.0,Villa Park,Tony Harrington,https://fbref.com/en/matches/1219daa1/Aston-Villa-Southampton-September-16-2022-Premier-League
67,8.0,Fri,2022-09-16,20:00,Nott'ham Forest,2,1.4,3,0.9,Fulham,28654.0,The City Ground,Jarred Gillett,https://fbref.com/en/matches/d0d07e66/Nottingham-Forest-Fulham-September-16-2022-Premier-League
68,8.0,Sat,2022-09-17,12:30,Wolves,0,0.4,3,1.1,Manchester City,31578.0,Molineux Stadium,Anthony Taylor,https://fbref.com/en/matches/96b5cc15/Wolverhampton-Wanderers-Manchester-City-September-17-2022-Premier-League
69,8.0,Sat,2022-09-17,15:00,Newcastle Utd,1,1.9,1,0.7,Bournemouth,52238.0,St James' Park,Craig Pawson,https://fbref.com/en/matches/177da679/Newcastle-United-Bournemouth-September-17-2022-Premier-League
70,8.0,Sat,2022-09-17,17:30,Tottenham,6,2.2,2,1.8,Leicester City,61450.0,Tottenham Hotspur Stadium,Simon Hooper,https://fbref.com/en/matches/99e44c16/Tottenham-Hotspur-Leicester-City-September-17-2022-Premier-League
71,8.0,Sun,2022-09-18,12:00,Brentford,0,0.5,3,1.5,Arsenal,17122.0,Brentford Community Stadium,David Coote,https://fbref.com/en/matches/fd5626e6/Brentford-Arsenal-September-18-2022-Premier-League
72,8.0,Sun,2022-09-18,14:15,Everton,1,0.4,0,1.0,West Ham,39298.0,Goodison Park,Michael Oliver,https://fbref.com/en/matches/96e9dc0f/Everton-West-Ham-United-September-18-2022-Premier-League
80,9.0,Sat,2022-10-01,17:30,West Ham,2,0.9,0,0.7,Wolves,62444.0,London Stadium,Paul Tierney,https://fbref.com/en/matches/aefe3b90/North-London-Derby-Arsenal-Tottenham-Hotspur-October-1-2022-Premier-League
79,9.0,Sat,2022-10-01,15:00,Bournemouth,0,0.4,0,0.9,Brentford,10126.0,Vitality Stadium,Thomas Bramall,https://fbref.com/en/matches/06d00bcb/Southampton-Everton-October-1-2022-Premier-League
78,9.0,Sat,2022-10-01,15:00,Fulham,1,0.5,4,3.3,Newcastle Utd,22913.0,Craven Cottage,Darren England,https://fbref.com/en/matches/372249f3/Crystal-Palace-Chelsea-October-1-2022-Premier-League
77,9.0,Sat,2022-10-01,15:00,Liverpool,3,1.5,3,1.4,Brighton,53320.0,Anfield,Andy Madley,https://fbref.com/en/matches/aadd2e80/Liverpool-Brighton-and-Hove-Albion-October-1-2022-Premier-League
76,9.0,Sat,2022-10-01,15:00,Crystal Palace,1,0.4,2,1.1,Chelsea,25198.0,Selhurst Park,Chris Kavanagh,https://fbref.com/en/matches/dcde1172/Fulham-Newcastle-United-October-1-2022-Premier-League
75,9.0,Sat,2022-10-01,15:00,Southampton,1,1.7,2,2.0,Everton,30510.0,St. Mary's Stadium,Andre Marriner,https://fbref.com/en/matches/f2e86b27/Bournemouth-Brentford-October-1-2022-Premier-League
74,9.0,Sat,2022-10-01,12:30,Arsenal,3,2.4,1,1.6,Tottenham,60278.0,Emirates Stadium,Anthony Taylor,https://fbref.com/en/matches/89ff6cd8/West-Ham-United-Wolverhampton-Wanderers-October-1-2022-Premier-League
81,9.0,Sun,2022-10-02,14:00,Manchester City,6,3.2,3,1.7,Manchester Utd,53475.0,Etihad Stadium,Michael Oliver,https://fbref.com/en/matches/886e6108/Manchester-Derby-Manchester-City-Manchester-United-October-2-2022-Premier-League
82,9.0,Sun,2022-10-02,16:30,Leeds United,0,0.4,0,2.2,Aston Villa,36582.0,Elland Road,Stuart Attwell,https://fbref.com/en/matches/627d2279/Leeds-United-Aston-Villa-October-2-2022-Premier-League
83,9.0,Mon,2022-10-03,20:00,Leicester City,4,1.3,0,1.1,Nott'ham Forest,32202.0,King Power Stadium,Robert Jones,https://fbref.com/en/matches/a7976021/Leicester-City-Nottingham-Forest-October-3-2022-Premier-League
85,10.0,Sat,2022-10-08,15:00,Bournemouth,2,1.1,1,1.0,Leicester City,10272.0,Vitality Stadium,Michael Salisbury,https://fbref.com/en/matches/7db2a40a/Bournemouth-Leicester-City-October-8-2022-Premier-League
86,10.0,Sat,2022-10-08,15:00,Newcastle Utd,5,1.5,1,1.2,Brentford,52067.0,St James' Park,John Brooks,https://fbref.com/en/matches/7dd42d3f/Newcastle-United-Brentford-October-8-2022-Premier-League
87,10.0,Sat,2022-10-08,15:00,Manchester City,4,2.4,0,0.2,Southampton,53365.0,Etihad Stadium,Andy Madley,https://fbref.com/en/matches/864294c0/Manchester-City-Southampton-October-8-2022-Premier-League
88,10.0,Sat,2022-10-08,15:00,Chelsea,3,1.9,0,1.1,Wolves,39940.0,Stamford Bridge,Simon Hooper,https://fbref.com/en/matches/c83cb314/Chelsea-Wolverhampton-Wanderers-October-8-2022-Premier-League
89,10.0,Sat,2022-10-08,17:30,Brighton,0,0.7,1,0.8,Tottenham,31498.0,The American Express Community Stadium,Tony Harrington,https://fbref.com/en/matches/3eeefbc5/Brighton-and-Hove-Albion-Tottenham-Hotspur-October-8-2022-Premier-League
93,10.0,Sun,2022-10-09,19:00,Everton,1,0.6,2,1.4,Manchester Utd,39258.0,Goodison Park,David Coote,https://fbref.com/en/matches/42e38f9d/West-Ham-United-Fulham-October-9-2022-Premier-League
92,10.0,Sun,2022-10-09,16:30,Arsenal,3,2.7,2,1.1,Liverpool,60059.0,Emirates Stadium,Michael Oliver,https://fbref.com/en/matches/f9563020/Crystal-Palace-Leeds-United-October-9-2022-Premier-League
90,10.0,Sun,2022-10-09,14:00,West Ham,3,2.4,1,0.7,Fulham,62407.0,London Stadium,Chris Kavanagh,https://fbref.com/en/matches/84a48413/Arsenal-Liverpool-October-9-2022-Premier-League
91,10.0,Sun,2022-10-09,14:00,Crystal Palace,2,1.1,1,1.0,Leeds United,25042.0,Selhurst Park,Paul Tierney,https://fbref.com/en/matches/5d426690/Everton-Manchester-United-October-9-2022-Premier-League
94,10.0,Mon,2022-10-10,20:00,Nott'ham Forest,1,0.3,1,0.7,Aston Villa,29208.0,The City Ground,Anthony Taylor,https://fbref.com/en/matches/fb99ddf9/Nottingham-Forest-Aston-Villa-October-10-2022-Premier-League
96,11.0,Fri,2022-10-14,20:00,Brentford,2,1.5,0,1.9,Brighton,17016.0,Brentford Community Stadium,Michael Salisbury,https://fbref.com/en/matches/69409682/Brentford-Brighton-and-Hove-Albion-October-14-2022-Premier-League
97,11.0,Sat,2022-10-15,12:30,Leicester City,0,1.0,0,0.4,Crystal Palace,31298.0,King Power Stadium,Andy Madley,https://fbref.com/en/matches/37677e58/Leicester-City-Crystal-Palace-October-15-2022-Premier-League
98,11.0,Sat,2022-10-15,15:00,Fulham,2,2.1,2,1.0,Bournemouth,22541.0,Craven Cottage,Graham Scott,https://fbref.com/en/matches/ab7f61dd/Fulham-Bournemouth-October-15-2022-Premier-League
99,11.0,Sat,2022-10-15,15:00,Wolves,1,1.3,0,1.5,Nott'ham Forest,31554.0,Molineux Stadium,Thomas Bramall,https://fbref.com/en/matches/c9f8e7e9/Wolverhampton-Wanderers-Nottingham-Forest-October-15-2022-Premier-League
100,11.0,Sat,2022-10-15,17:30,Tottenham,2,2.2,0,0.4,Everton,61812.0,Tottenham Hotspur Stadium,Paul Tierney,https://fbref.com/en/matches/e42493f9/Tottenham-Hotspur-Everton-October-15-2022-Premier-League
105,11.0,Sun,2022-10-16,16:30,Liverpool,1,2.1,0,1.0,Manchester City,53286.0,Anfield,Anthony Taylor,https://fbref.com/en/matches/2f5adfad/Southampton-West-Ham-United-October-16-2022-Premier-League
103,11.0,Sun,2022-10-16,14:00,Leeds United,0,1.8,1,0.5,Arsenal,36700.0,Elland Road,Chris Kavanagh,https://fbref.com/en/matches/7113ce7f/Aston-Villa-Chelsea-October-16-2022-Premier-League
104,11.0,Sun,2022-10-16,14:00,Manchester Utd,0,0.8,0,0.8,Newcastle Utd,73726.0,Old Trafford,Craig Pawson,https://fbref.com/en/matches/92885cfc/Leeds-United-Arsenal-October-16-2022-Premier-League
101,11.0,Sun,2022-10-16,14:00,Southampton,1,0.5,1,1.7,West Ham,29159.0,St. Mary's Stadium,Peter Bankes,https://fbref.com/en/matches/e0b9c72c/Manchester-United-Newcastle-United-October-16-2022-Premier-League
102,11.0,Sun,2022-10-16,14:00,Aston Villa,0,1.8,2,0.9,Chelsea,41754.0,Villa Park,Robert Jones,https://fbref.com/en/matches/2ed4b79f/Liverpool-Manchester-City-October-16-2022-Premier-League
107,12.0,Tue,2022-10-18,19:30,Brighton,0,1.7,0,0.1,Nott'ham Forest,31463.0,The American Express Community Stadium,Darren England,https://fbref.com/en/matches/4f876daa/Brighton-and-Hove-Albion-Nottingham-Forest-October-18-2022-Premier-League
108,12.0,Tue,2022-10-18,20:15,Crystal Palace,2,1.2,1,0.8,Wolves,25125.0,Selhurst Park,David Coote,https://fbref.com/en/matches/60705c6d/Crystal-Palace-Wolverhampton-Wanderers-October-18-2022-Premier-League
109,12.0,Wed,2022-10-19,19:30,Bournemouth,0,1.0,1,1.0,Southampton,10405.0,Vitality Stadium,John Brooks,https://fbref.com/en/matches/8a2bb3b6/Bournemouth-Southampton-October-19-2022-Premier-League
110,12.0,Wed,2022-10-19,19:30,Brentford,0,1.3,0,0.9,Chelsea,17118.0,Brentford Community Stadium,Jarred Gillett,https://fbref.com/en/matches/b7a32aeb/Brentford-Chelsea-October-19-2022-Premier-League
111,12.0,Wed,2022-10-19,19:30,Liverpool,1,1.7,0,1.7,West Ham,52982.0,Anfield,Stuart Attwell,https://fbref.com/en/matches/dba5c5ec/Liverpool-West-Ham-United-October-19-2022-Premier-League
112,12.0,Wed,2022-10-19,19:30,Newcastle Utd,1,1.5,0,0.2,Everton,52247.0,St James' Park,Tony Harrington,https://fbref.com/en/matches/e6674f8d/Newcastle-United-Everton-October-19-2022-Premier-League
113,12.0,Wed,2022-10-19,20:15,Manchester Utd,2,1.5,0,0.6,Tottenham,73677.0,Old Trafford,Simon Hooper,https://fbref.com/en/matches/eebe78c1/Manchester-United-Tottenham-Hotspur-October-19-2022-Premier-League
114,12.0,Thu,2022-10-20,19:30,Fulham,3,2.1,0,1.2,Aston Villa,23508.0,Craven Cottage,Michael Oliver,https://fbref.com/en/matches/e6102606/Fulham-Aston-Villa-October-20-2022-Premier-League
115,12.0,Thu,2022-10-20,20:15,Leicester City,2,0.8,0,1.3,Leeds United,30814.0,King Power Stadium,Peter Bankes,https://fbref.com/en/matches/6356af5a/Leicester-City-Leeds-United-October-20-2022-Premier-League
120,13.0,Sat,2022-10-22,17:30,Chelsea,1,1.1,1,0.8,Manchester Utd,39503.0,Stamford Bridge,Stuart Attwell,https://fbref.com/en/matches/f92b67c2/Nottingham-Forest-Liverpool-October-22-2022-Premier-League
119,13.0,Sat,2022-10-22,15:00,Manchester City,3,1.6,1,0.5,Brighton,53223.0,Etihad Stadium,Craig Pawson,https://fbref.com/en/matches/24d23a55/Everton-Crystal-Palace-October-22-2022-Premier-League
118,13.0,Sat,2022-10-22,15:00,Everton,3,1.4,0,0.9,Crystal Palace,38939.0,Goodison Park,Simon Hooper,https://fbref.com/en/matches/cd5cd3f0/Manchester-City-Brighton-and-Hove-Albion-October-22-2022-Premier-League
117,13.0,Sat,2022-10-22,12:30,Nott'ham Forest,1,1.9,0,1.6,Liverpool,29245.0,The City Ground,Paul Tierney,https://fbref.com/en/matches/7ad85c8a/Chelsea-Manchester-United-October-22-2022-Premier-League
124,13.0,Sun,2022-10-23,14:00,Southampton,1,0.7,1,1.0,Arsenal,31145.0,St. Mary's Stadium,Robert Jones,https://fbref.com/en/matches/7764ca02/Aston-Villa-Brentford-October-23-2022-Premier-League
121,13.0,Sun,2022-10-23,14:00,Aston Villa,4,2.8,0,0.9,Brentford,41693.0,Villa Park,Darren England,https://fbref.com/en/matches/8774e664/Wolverhampton-Wanderers-Leicester-City-October-23-2022-Premier-League
122,13.0,Sun,2022-10-23,14:00,Wolves,0,2.1,4,0.9,Leicester City,31425.0,Molineux Stadium,Michael Oliver,https://fbref.com/en/matches/d7b30e2b/Leeds-United-Fulham-October-23-2022-Premier-League
123,13.0,Sun,2022-10-23,14:00,Leeds United,2,1.6,3,1.8,Fulham,36447.0,Elland Road,Anthony Taylor,https://fbref.com/en/matches/d8138438/Southampton-Arsenal-October-23-2022-Premier-League
125,13.0,Sun,2022-10-23,16:30,Tottenham,1,1.6,2,1.2,Newcastle Utd,61726.0,Tottenham Hotspur Stadium,Jarred Gillett,https://fbref.com/en/matches/ae21490f/Tottenham-Hotspur-Newcastle-United-October-23-2022-Premier-League
126,13.0,Mon,2022-10-24,20:00,West Ham,2,1.9,0,0.4,Bournemouth,62447.0,London Stadium,David Coote,https://fbref.com/en/matches/e9d1a18b/West-Ham-United-Bournemouth-October-24-2022-Premier-League
133,14.0,Sat,2022-10-29,15:00,Bournemouth,2,0.5,3,2.0,Tottenham,10430.0,Vitality Stadium,Anthony Taylor,https://fbref.com/en/matches/96b9ae4e/Leicester-City-Manchester-City-October-29-2022-Premier-League
134,14.0,Sat,2022-10-29,17:30,Fulham,0,1.9,0,0.9,Everton,23534.0,Craven Cottage,John Brooks,https://fbref.com/en/matches/41e403d3/Brentford-Wolverhampton-Wanderers-October-29-2022-Premier-League
135,14.0,Sat,2022-10-29,19:45,Liverpool,1,1.7,2,1.8,Leeds United,53274.0,Anfield,Michael Oliver,https://fbref.com/en/matches/4be07239/Crystal-Palace-Southampton-October-29-2022-Premier-League
132,14.0,Sat,2022-10-29,15:00,Brighton,4,2.4,1,1.4,Chelsea,31746.0,The American Express Community Stadium,Andy Madley,https://fbref.com/en/matches/96f5ee84/Newcastle-United-Aston-Villa-October-29-2022-Premier-League
128,14.0,Sat,2022-10-29,12:30,Leicester City,0,0.7,1,1.0,Manchester City,32223.0,King Power Stadium,Robert Jones,https://fbref.com/en/matches/ac6abad1/Brighton-and-Hove-Albion-Chelsea-October-29-2022-Premier-League
130,14.0,Sat,2022-10-29,15:00,Crystal Palace,1,0.9,0,1.3,Southampton,25130.0,Selhurst Park,Michael Salisbury,https://fbref.com/en/matches/dcb3b971/Bournemouth-Tottenham-Hotspur-October-29-2022-Premier-League
129,14.0,Sat,2022-10-29,15:00,Brentford,1,1.4,1,0.6,Wolves,17051.0,Brentford Community Stadium,Robert Madley,https://fbref.com/en/matches/9c4402e1/Fulham-Everton-October-29-2022-Premier-League
131,14.0,Sat,2022-10-29,15:00,Newcastle Utd,4,3.4,0,0.4,Aston Villa,52233.0,St James' Park,Paul Tierney,https://fbref.com/en/matches/b5b1e744/Liverpool-Leeds-United-October-29-2022-Premier-League
136,14.0,Sun,2022-10-30,14:00,Arsenal,5,2.3,0,0.4,Nott'ham Forest,60263.0,Emirates Stadium,Simon Hooper,https://fbref.com/en/matches/1b496cc1/Arsenal-Nottingham-Forest-October-30-2022-Premier-League
137,14.0,Sun,2022-10-30,16:15,Manchester Utd,1,1.2,0,1.1,West Ham,73682.0,Old Trafford,Chris Kavanagh,https://fbref.com/en/matches/cd0f59f6/Manchester-United-West-Ham-United-October-30-2022-Premier-League
139,15.0,Sat,2022-11-05,15:00,Nott'ham Forest,2,1.5,2,1.5,Brentford,28869.0,The City Ground,Andre Marriner,https://fbref.com/en/matches/12251835/Nottingham-Forest-Brentford-November-5-2022-Premier-League
140,15.0,Sat,2022-11-05,15:00,Leeds United,4,2.2,3,1.5,Bournemouth,36304.0,Elland Road,Tony Harrington,https://fbref.com/en/matches/63975c3e/Leeds-United-Bournemouth-November-5-2022-Premier-League
141,15.0,Sat,2022-11-05,15:00,Manchester City,2,2.1,1,1.0,Fulham,52395.0,Etihad Stadium,Darren England,https://fbref.com/en/matches/6ef27b3c/Manchester-City-Fulham-November-5-2022-Premier-League
142,15.0,Sat,2022-11-05,15:00,Wolves,2,1.2,3,1.5,Brighton,30732.0,Molineux Stadium,Graham Scott,https://fbref.com/en/matches/982d16a2/Wolverhampton-Wanderers-Brighton-and-Hove-Albion-November-5-2022-Premier-League
143,15.0,Sat,2022-11-05,17:30,Everton,0,1.2,2,2.3,Leicester City,39206.0,Goodison Park,David Coote,https://fbref.com/en/matches/831c73fc/Everton-Leicester-City-November-5-2022-Premier-League
147,15.0,Sun,2022-11-06,14:00,Aston Villa,3,0.6,1,0.5,Manchester Utd,42058.0,Villa Park,Anthony Taylor,https://fbref.com/en/matches/af9dc838/North-West-London-Derby-Chelsea-Arsenal-November-6-2022-Premier-League
144,15.0,Sun,2022-11-06,12:00,Chelsea,0,0.3,1,2.1,Arsenal,40142.0,Stamford Bridge,Michael Oliver,https://fbref.com/en/matches/2586fb04/West-Ham-United-Crystal-Palace-November-6-2022-Premier-League
145,15.0,Sun,2022-11-06,14:00,West Ham,1,0.3,2,1.0,Crystal Palace,62451.0,London Stadium,Paul Tierney,https://fbref.com/en/matches/57f9bcc9/Southampton-Newcastle-United-November-6-2022-Premier-League
146,15.0,Sun,2022-11-06,14:00,Southampton,1,1.7,4,0.9,Newcastle Utd,30402.0,St. Mary's Stadium,Stuart Attwell,https://fbref.com/en/matches/6638574f/Aston-Villa-Manchester-United-November-6-2022-Premier-League
148,15.0,Sun,2022-11-06,16:30,Tottenham,1,1.2,2,1.2,Liverpool,62008.0,Tottenham Hotspur Stadium,Andy Madley,https://fbref.com/en/matches/2954504d/Tottenham-Hotspur-Liverpool-November-6-2022-Premier-League
157,16.0,Sat,2022-11-12,19:45,Wolves,0,0.7,2,2.1,Arsenal,34624.0,Molineux Stadium,Stuart Attwell,https://fbref.com/en/matches/28b60c1b/Manchester-City-Brentford-November-12-2022-Premier-League
156,16.0,Sat,2022-11-12,17:30,Newcastle Utd,1,1.0,0,0.3,Chelsea,52264.0,St James' Park,Robert Jones,https://fbref.com/en/matches/0030e686/Tottenham-Hotspur-Leeds-United-November-12-2022-Premier-League
154,16.0,Sat,2022-11-12,15:00,West Ham,0,1.4,2,1.8,Leicester City,62459.0,London Stadium,Jarred Gillett,https://fbref.com/en/matches/1579d34b/Liverpool-Southampton-November-12-2022-Premier-League
155,16.0,Sat,2022-11-12,15:00,Nott'ham Forest,1,1.1,0,1.2,Crystal Palace,29045.0,The City Ground,John Brooks,https://fbref.com/en/matches/54f23f03/Bournemouth-Everton-November-12-2022-Premier-League
152,16.0,Sat,2022-11-12,15:00,Liverpool,3,1.9,1,1.1,Southampton,53331.0,Anfield,Simon Hooper,https://fbref.com/en/matches/6e89557a/West-Ham-United-Leicester-City-November-12-2022-Premier-League
150,16.0,Sat,2022-11-12,12:30,Manchester City,1,1.6,2,1.3,Brentford,52786.0,Etihad Stadium,Peter Bankes,https://fbref.com/en/matches/ee827a60/Nottingham-Forest-Crystal-Palace-November-12-2022-Premier-League
153,16.0,Sat,2022-11-12,15:00,Bournemouth,3,2.4,0,0.8,Everton,10382.0,Vitality Stadium,Craig Pawson,https://fbref.com/en/matches/e1b3eb1b/Newcastle-United-Chelsea-November-12-2022-Premier-League
151,16.0,Sat,2022-11-12,15:00,Tottenham,4,1.8,3,1.1,Leeds United,61667.0,Tottenham Hotspur Stadium,Michael Salisbury,https://fbref.com/en/matches/863d7a8f/Wolverhampton-Wanderers-Arsenal-November-12-2022-Premier-League
158,16.0,Sun,2022-11-13,14:00,Brighton,1,0.6,2,1.5,Aston Villa,31581.0,The American Express Community Stadium,Chris Kavanagh,https://fbref.com/en/matches/a7031cbd/Brighton-and-Hove-Albion-Aston-Villa-November-13-2022-Premier-League
159,16.0,Sun,2022-11-13,16:30,Fulham,1,1.4,2,2.5,Manchester Utd,24246.0,Craven Cottage,Paul Tierney,https://fbref.com/en/matches/af75b6b0/Fulham-Manchester-United-November-13-2022-Premier-League
167,17.0,Mon,2022-12-26,20:00,Arsenal,3,2.1,1,1.0,West Ham,60125.0,Emirates Stadium,Michael Oliver,https://fbref.com/en/matches/14e4f648/Brentford-Tottenham-Hotspur-December-26-2022-Premier-League
161,17.0,Mon,2022-12-26,12:30,Brentford,2,2.0,2,1.1,Tottenham,17137.0,Brentford Community Stadium,David Coote,https://fbref.com/en/matches/3527c390/Southampton-Brighton-and-Hove-Albion-December-26-2022-Premier-League
162,17.0,Mon,2022-12-26,15:00,Southampton,1,1.9,3,0.6,Brighton,31010.0,St. Mary's Stadium,Robert Jones,https://fbref.com/en/matches/8e186153/Leicester-City-Newcastle-United-December-26-2022-Premier-League
163,17.0,Mon,2022-12-26,15:00,Leicester City,0,0.5,3,1.9,Newcastle Utd,32185.0,King Power Stadium,Jarred Gillett,https://fbref.com/en/matches/bbb301a6/Crystal-Palace-Fulham-December-26-2022-Premier-League
164,17.0,Mon,2022-12-26,15:00,Crystal Palace,0,0.4,3,2.5,Fulham,25176.0,Selhurst Park,Andy Madley,https://fbref.com/en/matches/ef424180/Everton-Wolverhampton-Wanderers-December-26-2022-Premier-League
165,17.0,Mon,2022-12-26,15:00,Everton,1,1.7,2,0.8,Wolves,39252.0,Goodison Park,Craig Pawson,https://fbref.com/en/matches/ab7d4465/Aston-Villa-Liverpool-December-26-2022-Premier-League
166,17.0,Mon,2022-12-26,17:30,Aston Villa,1,1.4,3,2.7,Liverpool,42085.0,Villa Park,Paul Tierney,https://fbref.com/en/matches/3be32b8b/Arsenal-West-Ham-United-December-26-2022-Premier-League
169,17.0,Tue,2022-12-27,20:00,Manchester Utd,3,2.4,0,0.7,Nott'ham Forest,73608.0,Old Trafford,Anthony Taylor,https://fbref.com/en/matches/d55b9033/Chelsea-Bournemouth-December-27-2022-Premier-League
168,17.0,Tue,2022-12-27,17:30,Chelsea,2,1.8,0,0.5,Bournemouth,40046.0,Stamford Bridge,Simon Hooper,https://fbref.com/en/matches/b860f634/Manchester-United-Nottingham-Forest-December-27-2022-Premier-League
170,17.0,Wed,2022-12-28,20:00,Leeds United,1,0.6,3,4.3,Manchester City,36889.0,Elland Road,Stuart Attwell,https://fbref.com/en/matches/a85ef749/Leeds-United-Manchester-City-December-28-2022-Premier-League
172,18.0,Fri,2022-12-30,19:45,West Ham,0,1.3,2,1.6,Brentford,62467.0,London Stadium,Darren England,https://fbref.com/en/matches/56acbbbe/West-Ham-United-Brentford-December-30-2022-Premier-League
173,18.0,Fri,2022-12-30,20:00,Liverpool,2,2.2,1,1.0,Leicester City,53343.0,Anfield,Craig Pawson,https://fbref.com/en/matches/c5e4ccf5/Liverpool-Leicester-City-December-30-2022-Premier-League
174,18.0,Sat,2022-12-31,12:30,Wolves,0,0.7,1,2.0,Manchester Utd,31658.0,Molineux Stadium,Robert Jones,https://fbref.com/en/matches/8ef80305/Wolverhampton-Wanderers-Manchester-United-December-31-2022-Premier-League
175,18.0,Sat,2022-12-31,15:00,Newcastle Utd,0,2.2,0,0.4,Leeds United,52211.0,St James' Park,Simon Hooper,https://fbref.com/en/matches/0facecde/Newcastle-United-Leeds-United-December-31-2022-Premier-League
176,18.0,Sat,2022-12-31,15:00,Fulham,2,1.5,1,0.8,Southampton,24344.0,Craven Cottage,Graham Scott,https://fbref.com/en/matches/a15bf99e/Fulham-Southampton-December-31-2022-Premier-League
177,18.0,Sat,2022-12-31,15:00,Manchester City,1,1.7,1,0.1,Everton,53444.0,Etihad Stadium,Andy Madley,https://fbref.com/en/matches/bcfb66ff/Manchester-City-Everton-December-31-2022-Premier-League
178,18.0,Sat,2022-12-31,15:00,Bournemouth,0,0.6,2,1.6,Crystal Palace,9972.0,Vitality Stadium,Andre Marriner,https://fbref.com/en/matches/dab2ed3a/Bournemouth-Crystal-Palace-December-31-2022-Premier-League
179,18.0,Sat,2022-12-31,17:30,Brighton,2,1.2,4,2.9,Arsenal,31647.0,The American Express Community Stadium,Anthony Taylor,https://fbref.com/en/matches/dd50a429/Brighton-and-Hove-Albion-Arsenal-December-31-2022-Premier-League
181,18.0,Sun,2023-01-01,16:30,Nott'ham Forest,1,1.4,1,0.9,Chelsea,29229.0,The City Ground,Peter Bankes,https://fbref.com/en/matches/63e8eaf8/Tottenham-Hotspur-Aston-Villa-January-1-2023-Premier-League
180,18.0,Sun,2023-01-01,14:00,Tottenham,0,0.7,2,1.0,Aston Villa,61651.0,Tottenham Hotspur Stadium,John Brooks,https://fbref.com/en/matches/c31cf944/Nottingham-Forest-Chelsea-January-1-2023-Premier-League
183,19.0,Mon,2023-01-02,17:30,Brentford,3,1.7,1,2.0,Liverpool,17163.0,Brentford Community Stadium,Stuart Attwell,https://fbref.com/en/matches/af6aa183/Brentford-Liverpool-January-2-2023-Premier-League
184,19.0,Tue,2023-01-03,19:45,Leicester City,0,1.7,1,1.7,Fulham,30813.0,King Power Stadium,Darren Bond,https://fbref.com/en/matches/12e0894b/Leicester-City-Fulham-January-3-2023-Premier-League
185,19.0,Tue,2023-01-03,19:45,Everton,1,1.3,4,2.2,Brighton,39103.0,Goodison Park,Andre Marriner,https://fbref.com/en/matches/c62d7632/Everton-Brighton-and-Hove-Albion-January-3-2023-Premier-League
186,19.0,Tue,2023-01-03,19:45,Arsenal,0,1.1,0,1.0,Newcastle Utd,60319.0,Emirates Stadium,Andy Madley,https://fbref.com/en/matches/ceebd643/Arsenal-Newcastle-United-January-3-2023-Premier-League
187,19.0,Tue,2023-01-03,20:00,Manchester Utd,3,2.2,0,0.6,Bournemouth,73322.0,Old Trafford,Michael Salisbury,https://fbref.com/en/matches/63fc7f12/Manchester-United-Bournemouth-January-3-2023-Premier-League
188,19.0,Wed,2023-01-04,19:30,Southampton,0,0.5,1,1.4,Nott'ham Forest,30150.0,St. Mary's Stadium,Thomas Bramall,https://fbref.com/en/matches/cc17c735/Southampton-Nottingham-Forest-January-4-2023-Premier-League
189,19.0,Wed,2023-01-04,19:45,Leeds United,2,1.6,2,1.4,West Ham,36173.0,Elland Road,David Coote,https://fbref.com/en/matches/068406dc/Leeds-United-West-Ham-United-January-4-2023-Premier-League
190,19.0,Wed,2023-01-04,20:00,Aston Villa,1,1.8,1,0.9,Wolves,39978.0,Villa Park,Jarred Gillett,https://fbref.com/en/matches/895a1c1f/Aston-Villa-Wolverhampton-Wanderers-January-4-2023-Premier-League
191,19.0,Wed,2023-01-04,20:00,Crystal Palace,0,0.8,4,1.4,Tottenham,25132.0,Selhurst Park,Michael Oliver,https://fbref.com/en/matches/d8118454/Crystal-Palace-Tottenham-Hotspur-January-4-2023-Premier-League
192,19.0,Thu,2023-01-05,20:00,Chelsea,0,0.4,1,2.1,Manchester City,39998.0,Stamford Bridge,Paul Tierney,https://fbref.com/en/matches/eacda90c/Chelsea-Manchester-City-January-5-2023-Premier-League
194,7.0,Thu,2023-01-12,20:00,Fulham,2,1.0,1,2.1,Chelsea,24460.0,Craven Cottage,David Coote,https://fbref.com/en/matches/2902a42d/Fulham-Chelsea-January-12-2023-Premier-League
196,20.0,Fri,2023-01-13,20:00,Aston Villa,2,1.2,1,2.4,Leeds United,42008.0,Villa Park,Michael Oliver,https://fbref.com/en/matches/ea58bf24/Aston-Villa-Leeds-United-January-13-2023-Premier-League
197,20.0,Sat,2023-01-14,12:30,Manchester Utd,2,1.7,1,0.6,Manchester City,75546.0,Old Trafford,Stuart Attwell,https://fbref.com/en/matches/f0fd7541/Manchester-Derby-Manchester-United-Manchester-City-January-14-2023-Premier-League
198,20.0,Sat,2023-01-14,15:00,Everton,1,1.4,2,1.2,Southampton,39305.0,Goodison Park,John Brooks,https://fbref.com/en/matches/11603f7f/Everton-Southampton-January-14-2023-Premier-League
199,20.0,Sat,2023-01-14,15:00,Wolves,1,0.9,0,1.1,West Ham,31511.0,Molineux Stadium,Simon Hooper,https://fbref.com/en/matches/20fbd1a1/Wolverhampton-Wanderers-West-Ham-United-January-14-2023-Premier-League
200,20.0,Sat,2023-01-14,15:00,Nott'ham Forest,2,2.4,0,1.0,Leicester City,29301.0,The City Ground,Paul Tierney,https://fbref.com/en/matches/95d3b457/Nottingham-Forest-Leicester-City-January-14-2023-Premier-League
201,20.0,Sat,2023-01-14,15:00,Brighton,3,1.9,0,1.0,Liverpool,31645.0,The American Express Community Stadium,Darren England,https://fbref.com/en/matches/cfc2a193/Brighton-and-Hove-Albion-Liverpool-January-14-2023-Premier-League
202,20.0,Sat,2023-01-14,17:30,Brentford,2,1.4,0,0.6,Bournemouth,17031.0,Brentford Community Stadium,Jarred Gillett,https://fbref.com/en/matches/3f992264/Brentford-Bournemouth-January-14-2023-Premier-League
203,20.0,Sun,2023-01-15,14:00,Chelsea,1,1.5,0,0.7,Crystal Palace,40075.0,Stamford Bridge,Peter Bankes,https://fbref.com/en/matches/564d2893/Chelsea-Crystal-Palace-January-15-2023-Premier-League
204,20.0,Sun,2023-01-15,14:00,Newcastle Utd,1,2.2,0,1.1,Fulham,52247.0,St James' Park,Robert Jones,https://fbref.com/en/matches/f93d11e7/Newcastle-United-Fulham-January-15-2023-Premier-League
205,20.0,Sun,2023-01-15,16:30,Tottenham,0,1.6,2,1.8,Arsenal,61870.0,Tottenham Hotspur Stadium,Craig Pawson,https://fbref.com/en/matches/4fc8b7b2/North-London-Derby-Tottenham-Hotspur-Arsenal-January-15-2023-Premier-League
207,7.0,Wed,2023-01-18,20:00,Crystal Palace,1,0.5,1,2.1,Manchester Utd,23343.0,Selhurst Park,Robert Jones,https://fbref.com/en/matches/adf46096/Crystal-Palace-Manchester-United-January-18-2023-Premier-League
208,7.0,Thu,2023-01-19,20:00,Manchester City,4,2.3,2,0.8,Tottenham,53088.0,Etihad Stadium,Simon Hooper,https://fbref.com/en/matches/847f0a9c/Manchester-City-Tottenham-Hotspur-January-19-2023-Premier-League
214,21.0,Sat,2023-01-21,15:00,West Ham,2,2.2,0,0.5,Everton,62470.0,London Stadium,Stuart Attwell,https://fbref.com/en/matches/7febc290/Liverpool-Chelsea-January-21-2023-Premier-League
215,21.0,Sat,2023-01-21,17:30,Crystal Palace,0,0.3,0,1.2,Newcastle Utd,25350.0,Selhurst Park,Craig Pawson,https://fbref.com/en/matches/38c715b4/Bournemouth-Nottingham-Forest-January-21-2023-Premier-League
213,21.0,Sat,2023-01-21,15:00,Leicester City,2,0.9,2,1.7,Brighton,32056.0,King Power Stadium,Thomas Bramall,https://fbref.com/en/matches/91d49468/Southampton-Aston-Villa-January-21-2023-Premier-League
210,21.0,Sat,2023-01-21,12:30,Liverpool,0,1.4,0,1.6,Chelsea,53126.0,Anfield,Michael Oliver,https://fbref.com/en/matches/bcbbc55f/Leicester-City-Brighton-and-Hove-Albion-January-21-2023-Premier-League
211,21.0,Sat,2023-01-21,15:00,Bournemouth,1,1.4,1,1.9,Nott'ham Forest,10248.0,Vitality Stadium,Andy Madley,https://fbref.com/en/matches/db9cdba8/West-Ham-United-Everton-January-21-2023-Premier-League
212,21.0,Sat,2023-01-21,15:00,Southampton,0,0.6,1,1.4,Aston Villa,30158.0,St. Mary's Stadium,Michael Salisbury,https://fbref.com/en/matches/8468f673/Crystal-Palace-Newcastle-United-January-21-2023-Premier-League
216,21.0,Sun,2023-01-22,14:00,Manchester City,3,2.8,0,0.8,Wolves,53282.0,Etihad Stadium,David Coote,https://fbref.com/en/matches/7337f90a/Manchester-City-Wolverhampton-Wanderers-January-22-2023-Premier-League
217,21.0,Sun,2023-01-22,14:00,Leeds United,0,0.5,0,0.4,Brentford,36260.0,Elland Road,Peter Bankes,https://fbref.com/en/matches/f0e7d8a8/Leeds-United-Brentford-January-22-2023-Premier-League
218,21.0,Sun,2023-01-22,16:30,Arsenal,3,3.1,2,0.4,Manchester Utd,60325.0,Emirates Stadium,Anthony Taylor,https://fbref.com/en/matches/1b35bc71/Arsenal-Manchester-United-January-22-2023-Premier-League
219,21.0,Mon,2023-01-23,20:00,Fulham,0,1.0,1,0.9,Tottenham,24190.0,Craven Cottage,Paul Tierney,https://fbref.com/en/matches/098cd338/Fulham-Tottenham-Hotspur-January-23-2023-Premier-League
221,22.0,Fri,2023-02-03,20:00,Chelsea,0,1.3,0,0.6,Fulham,40041.0,Stamford Bridge,Stuart Attwell,https://fbref.com/en/matches/c3cf244b/Chelsea-Fulham-February-3-2023-Premier-League
228,22.0,Sat,2023-02-04,17:30,Newcastle Utd,1,1.0,1,1.0,West Ham,52256.0,St James' Park,Peter Bankes,https://fbref.com/en/matches/07fc721a/Everton-Arsenal-February-4-2023-Premier-League
227,22.0,Sat,2023-02-04,15:00,Brentford,3,2.2,0,0.7,Southampton,17051.0,Brentford Community Stadium,Darren Bond,https://fbref.com/en/matches/76a2a22c/Aston-Villa-Leicester-City-February-4-2023-Premier-League
225,22.0,Sat,2023-02-04,15:00,Manchester Utd,2,2.0,1,1.3,Crystal Palace,73420.0,Old Trafford,Andre Marriner,https://fbref.com/en/matches/d67a16c8/Wolverhampton-Wanderers-Liverpool-February-4-2023-Premier-League
226,22.0,Sat,2023-02-04,15:00,Brighton,1,2.2,0,1.1,Bournemouth,31600.0,The American Express Community Stadium,Craig Pawson,https://fbref.com/en/matches/dca5ea6c/Manchester-United-Crystal-Palace-February-4-2023-Premier-League
223,22.0,Sat,2023-02-04,15:00,Aston Villa,2,1.7,4,2.6,Leicester City,42055.0,Villa Park,Darren England,https://fbref.com/en/matches/dccc53ae/Brighton-and-Hove-Albion-Bournemouth-February-4-2023-Premier-League
222,22.0,Sat,2023-02-04,12:30,Everton,1,1.7,0,0.9,Arsenal,39314.0,Goodison Park,David Coote,https://fbref.com/en/matches/ef31dad5/Brentford-Southampton-February-4-2023-Premier-League
224,22.0,Sat,2023-02-04,15:00,Wolves,3,2.0,0,1.8,Liverpool,31664.0,Molineux Stadium,Paul Tierney,https://fbref.com/en/matches/34e9160c/Newcastle-United-West-Ham-United-February-4-2023-Premier-League
229,22.0,Sun,2023-02-05,14:00,Nott'ham Forest,1,0.4,0,0.9,Leeds United,29363.0,The City Ground,Robert Jones,https://fbref.com/en/matches/7c47cb5e/Nottingham-Forest-Leeds-United-February-5-2023-Premier-League
230,22.0,Sun,2023-02-05,16:30,Tottenham,1,1.4,0,1.3,Manchester City,61747.0,Tottenham Hotspur Stadium,Andy Madley,https://fbref.com/en/matches/8a923619/Tottenham-Hotspur-Manchester-City-February-5-2023-Premier-League
232,8.0,Wed,2023-02-08,20:00,Manchester Utd,2,2.0,2,0.6,Leeds United,73456.0,Old Trafford,Simon Hooper,https://fbref.com/en/matches/80532a54/Manchester-United-Leeds-United-February-8-2023-Premier-League
239,23.0,Sat,2023-02-11,15:00,Fulham,2,1.5,0,0.7,Nott'ham Forest,24244.0,Craven Cottage,Andy Madley,https://fbref.com/en/matches/18dea268/West-Ham-United-Chelsea-February-11-2023-Premier-League
234,23.0,Sat,2023-02-11,12:30,West Ham,1,1.3,1,1.1,Chelsea,62471.0,London Stadium,Craig Pawson,https://fbref.com/en/matches/390c7b85/Leicester-City-Tottenham-Hotspur-February-11-2023-Premier-League
235,23.0,Sat,2023-02-11,15:00,Leicester City,4,1.7,1,1.3,Tottenham,32184.0,King Power Stadium,Michael Salisbury,https://fbref.com/en/matches/5d5deba7/Crystal-Palace-Brighton-and-Hove-Albion-February-11-2023-Premier-League
236,23.0,Sat,2023-02-11,15:00,Crystal Palace,1,1.1,1,2.5,Brighton,24827.0,Selhurst Park,Michael Oliver,https://fbref.com/en/matches/7caa56bc/Arsenal-Brentford-February-11-2023-Premier-League
237,23.0,Sat,2023-02-11,15:00,Arsenal,1,1.6,1,2.0,Brentford,60254.0,Emirates Stadium,Peter Bankes,https://fbref.com/en/matches/8c7913ed/Southampton-Wolverhampton-Wanderers-February-11-2023-Premier-League
238,23.0,Sat,2023-02-11,15:00,Southampton,1,1.1,2,0.8,Wolves,29751.0,St. Mary's Stadium,Jarred Gillett,https://fbref.com/en/matches/ee86dc99/Fulham-Nottingham-Forest-February-11-2023-Premier-League
240,23.0,Sat,2023-02-11,17:30,Bournemouth,1,1.5,1,1.3,Newcastle Utd,10419.0,Vitality Stadium,Stuart Attwell,https://fbref.com/en/matches/d9339e30/Bournemouth-Newcastle-United-February-11-2023-Premier-League
242,23.0,Sun,2023-02-12,16:30,Manchester City,3,3.3,1,0.3,Aston Villa,53392.0,Etihad Stadium,Robert Jones,https://fbref.com/en/matches/3386146f/Leeds-United-Manchester-United-February-12-2023-Premier-League
241,23.0,Sun,2023-02-12,14:00,Leeds United,0,1.8,2,1.1,Manchester Utd,36919.0,Elland Road,Paul Tierney,https://fbref.com/en/matches/18fcd595/Manchester-City-Aston-Villa-February-12-2023-Premier-League
243,23.0,Mon,2023-02-13,20:00,Liverpool,2,2.3,0,0.4,Everton,53027.0,Anfield,Simon Hooper,https://fbref.com/en/matches/a895ec23/Merseyside-Derby-Liverpool-Everton-February-13-2023-Premier-League
245,12.0,Wed,2023-02-15,19:30,Arsenal,1,1.6,3,1.8,Manchester City,60276.0,Emirates Stadium,Anthony Taylor,https://fbref.com/en/matches/b9da01e6/Arsenal-Manchester-City-February-15-2023-Premier-League
247,24.0,Sat,2023-02-18,12:30,Aston Villa,2,0.5,4,3.2,Arsenal,42066.0,Villa Park,Simon Hooper,https://fbref.com/en/matches/e50bfcf8/Aston-Villa-Arsenal-February-18-2023-Premier-League
248,24.0,Sat,2023-02-18,15:00,Brighton,0,2.2,1,0.3,Fulham,31619.0,The American Express Community Stadium,Darren England,https://fbref.com/en/matches/67a7aee6/Brighton-and-Hove-Albion-Fulham-February-18-2023-Premier-League
249,24.0,Sat,2023-02-18,15:00,Nott'ham Forest,1,0.9,1,2.4,Manchester City,29365.0,The City Ground,Graham Scott,https://fbref.com/en/matches/7f12d9aa/Nottingham-Forest-Manchester-City-February-18-2023-Premier-League
250,24.0,Sat,2023-02-18,15:00,Chelsea,0,1.6,1,0.6,Southampton,40152.0,Stamford Bridge,David Coote,https://fbref.com/en/matches/8d750d5d/Chelsea-Southampton-February-18-2023-Premier-League
251,24.0,Sat,2023-02-18,15:00,Everton,1,1.4,0,0.5,Leeds United,39232.0,Goodison Park,Andy Madley,https://fbref.com/en/matches/d5f67d2e/Everton-Leeds-United-February-18-2023-Premier-League
252,24.0,Sat,2023-02-18,15:00,Wolves,0,1.3,1,1.1,Bournemouth,31222.0,Molineux Stadium,Michael Salisbury,https://fbref.com/en/matches/eaf37ab4/Wolverhampton-Wanderers-Bournemouth-February-18-2023-Premier-League
253,24.0,Sat,2023-02-18,15:00,Brentford,1,0.9,1,1.1,Crystal Palace,17122.0,Brentford Community Stadium,Paul Tierney,https://fbref.com/en/matches/f6370484/Brentford-Crystal-Palace-February-18-2023-Premier-League
254,24.0,Sat,2023-02-18,17:30,Newcastle Utd,0,2.0,2,1.9,Liverpool,52758.0,St James' Park,Anthony Taylor,https://fbref.com/en/matches/2f909763/Newcastle-United-Liverpool-February-18-2023-Premier-League
256,24.0,Sun,2023-02-19,16:30,Tottenham,2,1.5,0,0.5,West Ham,61476.0,Tottenham Hotspur Stadium,Michael Oliver,https://fbref.com/en/matches/d6e88163/Manchester-United-Leicester-City-February-19-2023-Premier-League
255,24.0,Sun,2023-02-19,14:00,Manchester Utd,3,4.4,0,1.6,Leicester City,73578.0,Old Trafford,Stuart Attwell,https://fbref.com/en/matches/aae66d3d/Tottenham-Hotspur-West-Ham-United-February-19-2023-Premier-League
258,25.0,Fri,2023-02-24,20:00,Fulham,1,0.5,1,0.8,Wolves,24399.0,Craven Cottage,Michael Oliver,https://fbref.com/en/matches/b452508e/Fulham-Wolverhampton-Wanderers-February-24-2023-Premier-League
259,25.0,Sat,2023-02-25,15:00,Leicester City,0,0.0,1,0.7,Arsenal,32227.0,King Power Stadium,Craig Pawson,https://fbref.com/en/matches/145cc0a5/Leicester-City-Arsenal-February-25-2023-Premier-League
260,25.0,Sat,2023-02-25,15:00,Everton,0,1.6,2,1.9,Aston Villa,39309.0,Goodison Park,Anthony Taylor,https://fbref.com/en/matches/25436a3b/Everton-Aston-Villa-February-25-2023-Premier-League
261,25.0,Sat,2023-02-25,15:00,West Ham,4,2.7,0,0.4,Nott'ham Forest,62469.0,London Stadium,Jarred Gillett,https://fbref.com/en/matches/767981c6/West-Ham-United-Nottingham-Forest-February-25-2023-Premier-League
262,25.0,Sat,2023-02-25,15:00,Leeds United,1,0.9,0,0.4,Southampton,36641.0,Elland Road,Peter Bankes,https://fbref.com/en/matches/9edb32a3/Leeds-United-Southampton-February-25-2023-Premier-League
263,25.0,Sat,2023-02-25,17:30,Bournemouth,1,1.0,4,2.4,Manchester City,10481.0,Vitality Stadium,Paul Tierney,https://fbref.com/en/matches/e731c1dd/Bournemouth-Manchester-City-February-25-2023-Premier-League
264,25.0,Sat,2023-02-25,19:45,Crystal Palace,0,0.7,0,0.9,Liverpool,25842.0,Selhurst Park,Darren England,https://fbref.com/en/matches/8a59c49c/Crystal-Palace-Liverpool-February-25-2023-Premier-League
265,25.0,Sun,2023-02-26,13:30,Tottenham,2,0.8,0,0.4,Chelsea,61613.0,Tottenham Hotspur Stadium,Stuart Attwell,https://fbref.com/en/matches/8eff71b5/Tottenham-Hotspur-Chelsea-February-26-2023-Premier-League
267,7.0,Wed,2023-03-01,19:45,Arsenal,4,2.6,0,1.2,Everton,60213.0,Emirates Stadium,Michael Oliver,https://fbref.com/en/matches/705a2f3c/Arsenal-Everton-March-1-2023-Premier-League
268,7.0,Wed,2023-03-01,20:00,Liverpool,2,2.6,0,0.8,Wolves,53259.0,Anfield,Paul Tierney,https://fbref.com/en/matches/5e05f5f4/Liverpool-Wolverhampton-Wanderers-March-1-2023-Premier-League
275,26.0,Sat,2023-03-04,15:00,Wolves,1,0.5,0,1.2,Tottenham,31585.0,Molineux Stadium,Tim Robinson,https://fbref.com/en/matches/b33bcb97/Manchester-City-Newcastle-United-March-4-2023-Premier-League
276,26.0,Sat,2023-03-04,17:30,Southampton,1,1.4,0,1.9,Leicester City,30139.0,St. Mary's Stadium,Robert Jones,https://fbref.com/en/matches/3e9a33fc/Arsenal-Bournemouth-March-4-2023-Premier-League
274,26.0,Sat,2023-03-04,15:00,Brighton,4,3.5,0,0.3,West Ham,31523.0,The American Express Community Stadium,Stuart Attwell,https://fbref.com/en/matches/433a4487/Aston-Villa-Crystal-Palace-March-4-2023-Premier-League
270,26.0,Sat,2023-03-04,12:30,Manchester City,2,1.3,0,0.4,Newcastle Utd,53419.0,Etihad Stadium,Simon Hooper,https://fbref.com/en/matches/59f9a78f/Chelsea-Leeds-United-March-4-2023-Premier-League
272,26.0,Sat,2023-03-04,15:00,Aston Villa,1,1.2,0,0.2,Crystal Palace,41893.0,Villa Park,Craig Pawson,https://fbref.com/en/matches/bee059c4/Brighton-and-Hove-Albion-West-Ham-United-March-4-2023-Premier-League
271,26.0,Sat,2023-03-04,15:00,Arsenal,3,2.1,2,1.3,Bournemouth,60222.0,Emirates Stadium,Chris Kavanagh,https://fbref.com/en/matches/bf4ac62d/Wolverhampton-Wanderers-Tottenham-Hotspur-March-4-2023-Premier-League
273,26.0,Sat,2023-03-04,15:00,Chelsea,1,1.5,0,1.0,Leeds United,39905.0,Stamford Bridge,Michael Oliver,https://fbref.com/en/matches/4d14422c/Southampton-Leicester-City-March-4-2023-Premier-League
277,26.0,Sun,2023-03-05,14:00,Nott'ham Forest,2,0.8,2,1.7,Everton,29353.0,The City Ground,John Brooks,https://fbref.com/en/matches/ec770341/Nottingham-Forest-Everton-March-5-2023-Premier-League
278,26.0,Sun,2023-03-05,16:30,Liverpool,7,2.8,0,0.8,Manchester Utd,53001.0,Anfield,Andy Madley,https://fbref.com/en/matches/756e8036/North-West-Derby-Liverpool-Manchester-United-March-5-2023-Premier-League
279,26.0,Mon,2023-03-06,20:00,Brentford,3,2.2,2,1.4,Fulham,17025.0,Brentford Community Stadium,Anthony Taylor,https://fbref.com/en/matches/3dce3a24/Brentford-Fulham-March-6-2023-Premier-League
286,27.0,Sat,2023-03-11,17:30,Crystal Palace,0,0.2,1,2.1,Manchester City,25844.0,Selhurst Park,Robert Jones,https://fbref.com/en/matches/d376dff8/Bournemouth-Liverpool-March-11-2023-Premier-League
284,27.0,Sat,2023-03-11,15:00,Leicester City,1,2.4,3,1.6,Chelsea,32170.0,King Power Stadium,Andre Marriner,https://fbref.com/en/matches/3f653d6f/Leeds-United-Brighton-and-Hove-Albion-March-11-2023-Premier-League
285,27.0,Sat,2023-03-11,15:00,Tottenham,3,2.0,1,1.5,Nott'ham Forest,61460.0,Tottenham Hotspur Stadium,Craig Pawson,https://fbref.com/en/matches/980f57d4/Everton-Brentford-March-11-2023-Premier-League
282,27.0,Sat,2023-03-11,15:00,Leeds United,2,0.9,2,2.7,Brighton,36471.0,Elland Road,Paul Tierney,https://fbref.com/en/matches/bd5571a1/Leicester-City-Chelsea-March-11-2023-Premier-League
281,27.0,Sat,2023-03-11,12:30,Bournemouth,1,0.9,0,1.7,Liverpool,10536.0,Vitality Stadium,John Brooks,https://fbref.com/en/matches/d065f9cd/Tottenham-Hotspur-Nottingham-Forest-March-11-2023-Premier-League
283,27.0,Sat,2023-03-11,15:00,Everton,1,1.0,0,2.0,Brentford,39274.0,Goodison Park,Simon Hooper,https://fbref.com/en/matches/d29fe1d9/Crystal-Palace-Manchester-City-March-11-2023-Premier-League
287,27.0,Sun,2023-03-12,14:00,Manchester Utd,0,0.8,0,1.0,Southampton,73439.0,Old Trafford,Anthony Taylor,https://fbref.com/en/matches/9cd3ca2c/Manchester-United-Southampton-March-12-2023-Premier-League
288,27.0,Sun,2023-03-12,14:00,Fulham,0,0.8,3,2.3,Arsenal,24426.0,Craven Cottage,David Coote,https://fbref.com/en/matches/d238973c/Fulham-Arsenal-March-12-2023-Premier-League
289,27.0,Sun,2023-03-12,14:00,West Ham,1,2.1,1,1.5,Aston Villa,62472.0,London Stadium,Chris Kavanagh,https://fbref.com/en/matches/df6f054e/West-Ham-United-Aston-Villa-March-12-2023-Premier-League
290,27.0,Sun,2023-03-12,16:30,Newcastle Utd,2,1.8,1,1.1,Wolves,52240.0,St James' Park,Andy Madley,https://fbref.com/en/matches/c416a3de/Newcastle-United-Wolverhampton-Wanderers-March-12-2023-Premier-League
292,7.0,Wed,2023-03-15,19:30,Southampton,0,0.5,2,1.9,Brentford,30438.0,St. Mary's Stadium,Michael Salisbury,https://fbref.com/en/matches/a4202b5b/Southampton-Brentford-March-15-2023-Premier-League
294,8.0,Wed,2023-03-15,19:30,Brighton,1,0.6,0,1.1,Crystal Palace,30933.0,The American Express Community Stadium,Peter Bankes,https://fbref.com/en/matches/d23a30cc/Brighton-and-Hove-Albion-Crystal-Palace-March-15-2023-Premier-League
296,28.0,Fri,2023-03-17,20:00,Nott'ham Forest,1,0.4,2,2.4,Newcastle Utd,29362.0,The City Ground,Paul Tierney,https://fbref.com/en/matches/5345049a/Nottingham-Forest-Newcastle-United-March-17-2023-Premier-League
301,28.0,Sat,2023-03-18,17:30,Chelsea,2,2.3,2,1.2,Everton,40025.0,Stamford Bridge,Darren England,https://fbref.com/en/matches/3cb714a4/Wolverhampton-Wanderers-Leeds-United-March-18-2023-Premier-League
299,28.0,Sat,2023-03-18,15:00,Aston Villa,3,3.5,0,1.3,Bournemouth,41021.0,Villa Park,Robert Jones,https://fbref.com/en/matches/7647948e/Brentford-Leicester-City-March-18-2023-Premier-League
300,28.0,Sat,2023-03-18,15:00,Southampton,3,2.4,3,2.3,Tottenham,30157.0,St. Mary's Stadium,Simon Hooper,https://fbref.com/en/matches/88981274/Aston-Villa-Bournemouth-March-18-2023-Premier-League
297,28.0,Sat,2023-03-18,15:00,Wolves,2,2.7,4,1.6,Leeds United,31570.0,Molineux Stadium,Michael Salisbury,https://fbref.com/en/matches/bd9ec55d/Southampton-Tottenham-Hotspur-March-18-2023-Premier-League
298,28.0,Sat,2023-03-18,15:00,Brentford,1,0.6,1,1.3,Leicester City,17006.0,Brentford Community Stadium,Darren Bond,https://fbref.com/en/matches/9453dba7/Chelsea-Everton-March-18-2023-Premier-League
302,28.0,Sun,2023-03-19,14:00,Arsenal,4,1.6,1,0.8,Crystal Palace,60247.0,Emirates Stadium,Stuart Attwell,https://fbref.com/en/matches/98e0de00/Arsenal-Crystal-Palace-March-19-2023-Premier-League
304,29.0,Sat,2023-04-01,12:30,Manchester City,4,2.9,1,0.3,Liverpool,52877.0,Etihad Stadium,Simon Hooper,https://fbref.com/en/matches/40966f45/Manchester-City-Liverpool-April-1-2023-Premier-League
305,29.0,Sat,2023-04-01,15:00,Arsenal,4,3.8,1,0.7,Leeds United,60283.0,Emirates Stadium,Darren England,https://fbref.com/en/matches/2e4383ca/Arsenal-Leeds-United-April-1-2023-Premier-League
306,29.0,Sat,2023-04-01,15:00,Nott'ham Forest,1,1.3,1,0.5,Wolves,29368.0,The City Ground,Chris Kavanagh,https://fbref.com/en/matches/c14b278c/Nottingham-Forest-Wolverhampton-Wanderers-April-1-2023-Premier-League
307,29.0,Sat,2023-04-01,15:00,Brighton,3,4.2,3,1.6,Brentford,31493.0,The American Express Community Stadium,Michael Oliver,https://fbref.com/en/matches/ead2251e/Brighton-and-Hove-Albion-Brentford-April-1-2023-Premier-League
308,29.0,Sat,2023-04-01,15:00,Crystal Palace,2,2.3,1,0.2,Leicester City,25147.0,Selhurst Park,Tim Robinson,https://fbref.com/en/matches/ee1878a0/Crystal-Palace-Leicester-City-April-1-2023-Premier-League
309,29.0,Sat,2023-04-01,15:00,Bournemouth,2,2.6,1,0.8,Fulham,10305.0,Vitality Stadium,Peter Bankes,https://fbref.com/en/matches/f64320c3/Bournemouth-Fulham-April-1-2023-Premier-League
310,29.0,Sat,2023-04-01,17:30,Chelsea,0,2.1,2,0.9,Aston Villa,40082.0,Stamford Bridge,Andy Madley,https://fbref.com/en/matches/870fa8c9/Chelsea-Aston-Villa-April-1-2023-Premier-League
312,29.0,Sun,2023-04-02,16:30,Newcastle Utd,2,3.7,0,0.4,Manchester Utd,52268.0,St James' Park,Stuart Attwell,https://fbref.com/en/matches/42e1f38d/West-Ham-United-Southampton-April-2-2023-Premier-League
311,29.0,Sun,2023-04-02,14:00,West Ham,1,1.4,0,0.3,Southampton,62498.0,London Stadium,Paul Tierney,https://fbref.com/en/matches/1ed948f6/Newcastle-United-Manchester-United-April-2-2023-Premier-League
313,29.0,Mon,2023-04-03,20:00,Everton,1,0.9,1,1.4,Tottenham,39294.0,Goodison Park,David Coote,https://fbref.com/en/matches/c00d9a22/Everton-Tottenham-Hotspur-April-3-2023-Premier-League
315,7.0,Tue,2023-04-04,19:45,Leeds United,2,1.8,1,0.8,Nott'ham Forest,36740.0,Elland Road,Robert Jones,https://fbref.com/en/matches/1251d1c0/Leeds-United-Nottingham-Forest-April-4-2023-Premier-League
316,7.0,Tue,2023-04-04,19:45,Bournemouth,0,1.7,2,2.7,Brighton,10266.0,Vitality Stadium,Darren Bond,https://fbref.com/en/matches/95a97dc6/Bournemouth-Brighton-and-Hove-Albion-April-4-2023-Premier-League
317,7.0,Tue,2023-04-04,19:45,Leicester City,1,0.5,2,1.0,Aston Villa,32087.0,King Power Stadium,Graham Scott,https://fbref.com/en/matches/f213214b/Leicester-City-Aston-Villa-April-4-2023-Premier-League
319,8.0,Tue,2023-04-04,20:00,Chelsea,0,2.2,0,0.3,Liverpool,40093.0,Stamford Bridge,Anthony Taylor,https://fbref.com/en/matches/1028e683/Chelsea-Liverpool-April-4-2023-Premier-League
321,7.0,Wed,2023-04-05,20:00,West Ham,1,1.0,5,3.3,Newcastle Utd,62481.0,London Stadium,Craig Pawson,https://fbref.com/en/matches/4a87012d/West-Ham-United-Newcastle-United-April-5-2023-Premier-League
323,25.0,Wed,2023-04-05,20:00,Manchester Utd,1,1.2,0,0.7,Brentford,73309.0,Old Trafford,John Brooks,https://fbref.com/en/matches/f3e6e475/Manchester-United-Brentford-April-5-2023-Premier-League
330,30.0,Sat,2023-04-08,15:00,Wolves,1,0.6,0,1.1,Chelsea,31614.0,Molineux Stadium,Peter Bankes,https://fbref.com/en/matches/e217ed2c/Manchester-United-Everton-April-8-2023-Premier-League
332,30.0,Sat,2023-04-08,17:30,Southampton,1,0.4,4,2.9,Manchester City,30963.0,St. Mary's Stadium,Robert Jones,https://fbref.com/en/matches/0ba42648/Fulham-West-Ham-United-April-8-2023-Premier-League
331,30.0,Sat,2023-04-08,15:00,Tottenham,2,0.8,1,1.4,Brighton,61405.0,Tottenham Hotspur Stadium,Stuart Attwell,https://fbref.com/en/matches/68cd68fd/Aston-Villa-Nottingham-Forest-April-8-2023-Premier-League
329,30.0,Sat,2023-04-08,15:00,Brentford,1,2.6,2,1.3,Newcastle Utd,17107.0,Brentford Community Stadium,Chris Kavanagh,https://fbref.com/en/matches/72ca7930/Leicester-City-Bournemouth-April-8-2023-Premier-League
325,30.0,Sat,2023-04-08,12:30,Manchester Utd,2,3.4,0,1.0,Everton,73509.0,Old Trafford,Michael Oliver,https://fbref.com/en/matches/a5e78e89/Brentford-Newcastle-United-April-8-2023-Premier-League
327,30.0,Sat,2023-04-08,15:00,Aston Villa,2,1.3,0,0.2,Nott'ham Forest,42076.0,Villa Park,Anthony Taylor,https://fbref.com/en/matches/aa1fa8dc/Wolverhampton-Wanderers-Chelsea-April-8-2023-Premier-League
326,30.0,Sat,2023-04-08,15:00,Fulham,0,0.7,1,1.1,West Ham,24491.0,Craven Cottage,Jarred Gillett,https://fbref.com/en/matches/b3ad7bd4/Tottenham-Hotspur-Brighton-and-Hove-Albion-April-8-2023-Premier-League
328,30.0,Sat,2023-04-08,15:00,Leicester City,0,0.7,1,2.0,Bournemouth,32094.0,King Power Stadium,David Coote,https://fbref.com/en/matches/fb045117/Southampton-Manchester-City-April-8-2023-Premier-League
333,30.0,Sun,2023-04-09,14:00,Leeds United,1,0.9,5,3.0,Crystal Palace,36427.0,Elland Road,Simon Hooper,https://fbref.com/en/matches/a1c39217/Leeds-United-Crystal-Palace-April-9-2023-Premier-League
334,30.0,Sun,2023-04-09,16:30,Liverpool,2,3.9,2,1.4,Arsenal,53267.0,Anfield,Paul Tierney,https://fbref.com/en/matches/f3774baa/Liverpool-Arsenal-April-9-2023-Premier-League
342,31.0,Sat,2023-04-15,17:30,Manchester City,3,1.6,1,2.3,Leicester City,53329.0,Etihad Stadium,Darren England,https://fbref.com/en/matches/7bbac622/Aston-Villa-Newcastle-United-April-15-2023-Premier-League
340,31.0,Sat,2023-04-15,15:00,Tottenham,2,2.2,3,1.3,Bournemouth,61369.0,Tottenham Hotspur Stadium,Andy Madley,https://fbref.com/en/matches/18e7d354/Chelsea-Brighton-and-Hove-Albion-April-15-2023-Premier-League
339,31.0,Sat,2023-04-15,15:00,Wolves,2,0.8,0,1.1,Brentford,30769.0,Molineux Stadium,Paul Tierney,https://fbref.com/en/matches/67f47a1b/Southampton-Crystal-Palace-April-15-2023-Premier-League
341,31.0,Sat,2023-04-15,15:00,Everton,1,1.4,3,1.8,Fulham,39241.0,Goodison Park,Anthony Taylor,https://fbref.com/en/matches/b2402736/Wolverhampton-Wanderers-Brentford-April-15-2023-Premier-League
337,31.0,Sat,2023-04-15,15:00,Chelsea,1,0.5,2,2.9,Brighton,40126.0,Stamford Bridge,Robert Jones,https://fbref.com/en/matches/bfc49d95/Tottenham-Hotspur-Bournemouth-April-15-2023-Premier-League
336,31.0,Sat,2023-04-15,12:30,Aston Villa,3,1.9,0,0.5,Newcastle Utd,42055.0,Villa Park,John Brooks,https://fbref.com/en/matches/ecae749b/Everton-Fulham-April-15-2023-Premier-League
338,31.0,Sat,2023-04-15,15:00,Southampton,0,0.8,2,0.9,Crystal Palace,30309.0,St. Mary's Stadium,Michael Oliver,https://fbref.com/en/matches/ce8df388/Manchester-City-Leicester-City-April-15-2023-Premier-League
343,31.0,Sun,2023-04-16,14:00,West Ham,2,1.8,2,2.7,Arsenal,62481.0,London Stadium,David Coote,https://fbref.com/en/matches/3120ba0d/West-Ham-United-Arsenal-April-16-2023-Premier-League
344,31.0,Sun,2023-04-16,16:30,Nott'ham Forest,0,0.7,2,3.5,Manchester Utd,29435.0,The City Ground,Simon Hooper,https://fbref.com/en/matches/4ca8f9f6/Nottingham-Forest-Manchester-United-April-16-2023-Premier-League
345,31.0,Mon,2023-04-17,20:00,Leeds United,1,1.4,6,2.7,Liverpool,36657.0,Elland Road,Craig Pawson,https://fbref.com/en/matches/fd3d05f5/Leeds-United-Liverpool-April-17-2023-Premier-League
347,32.0,Fri,2023-04-21,20:00,Arsenal,3,2.5,3,1.3,Southampton,60175.0,Emirates Stadium,Simon Hooper,https://fbref.com/en/matches/12efc7dd/Arsenal-Southampton-April-21-2023-Premier-League
352,32.0,Sat,2023-04-22,15:00,Leicester City,2,2.4,1,0.9,Wolves,32053.0,King Power Stadium,Andy Madley,https://fbref.com/en/matches/f2d8700d/Fulham-Leeds-United-April-22-2023-Premier-League
348,32.0,Sat,2023-04-22,12:30,Fulham,2,1.7,1,0.8,Leeds United,24356.0,Craven Cottage,Peter Bankes,https://fbref.com/en/matches/25f6dcd1/Crystal-Palace-Everton-April-22-2023-Premier-League
349,32.0,Sat,2023-04-22,15:00,Crystal Palace,0,0.5,0,0.4,Everton,25202.0,Selhurst Park,John Brooks,https://fbref.com/en/matches/2b51686a/Brentford-Aston-Villa-April-22-2023-Premier-League
350,32.0,Sat,2023-04-22,15:00,Brentford,1,2.7,1,1.5,Aston Villa,17098.0,Brentford Community Stadium,Michael Salisbury,https://fbref.com/en/matches/99bfc321/Liverpool-Nottingham-Forest-April-22-2023-Premier-League
351,32.0,Sat,2023-04-22,15:00,Liverpool,3,2.8,2,0.9,Nott'ham Forest,53254.0,Anfield,Michael Oliver,https://fbref.com/en/matches/b87e66b4/Leicester-City-Wolverhampton-Wanderers-April-22-2023-Premier-League
354,32.0,Sun,2023-04-23,14:00,Newcastle Utd,6,3.7,1,1.0,Tottenham,52252.0,St James' Park,David Coote,https://fbref.com/en/matches/3306d30f/Bournemouth-West-Ham-United-April-23-2023-Premier-League
353,32.0,Sun,2023-04-23,14:00,Bournemouth,0,1.5,4,2.4,West Ham,10465.0,Vitality Stadium,Anthony Taylor,https://fbref.com/en/matches/dff22d13/Newcastle-United-Tottenham-Hotspur-April-23-2023-Premier-League
356,33.0,Tue,2023-04-25,19:30,Wolves,2,1.4,0,0.8,Crystal Palace,30294.0,Molineux Stadium,Robert Jones,https://fbref.com/en/matches/825c78f1/Wolverhampton-Wanderers-Crystal-Palace-April-25-2023-Premier-League
357,33.0,Tue,2023-04-25,19:45,Aston Villa,1,1.0,0,0.1,Fulham,41046.0,Villa Park,Thomas Bramall,https://fbref.com/en/matches/8b295a84/Aston-Villa-Fulham-April-25-2023-Premier-League
358,33.0,Tue,2023-04-25,20:00,Leeds United,1,1.5,1,2.1,Leicester City,36666.0,Elland Road,Paul Tierney,https://fbref.com/en/matches/56c70cf7/Leeds-United-Leicester-City-April-25-2023-Premier-League
359,33.0,Wed,2023-04-26,19:30,Nott'ham Forest,3,2.4,1,2.3,Brighton,28808.0,The City Ground,Jarred Gillett,https://fbref.com/en/matches/76db2de1/Nottingham-Forest-Brighton-and-Hove-Albion-April-26-2023-Premier-League
360,33.0,Wed,2023-04-26,19:45,Chelsea,0,1.3,2,1.1,Brentford,39929.0,Stamford Bridge,Andy Madley,https://fbref.com/en/matches/071b5820/Chelsea-Brentford-April-26-2023-Premier-League
361,33.0,Wed,2023-04-26,19:45,West Ham,1,0.8,2,1.9,Liverpool,62473.0,London Stadium,Chris Kavanagh,https://fbref.com/en/matches/f2f795ae/West-Ham-United-Liverpool-April-26-2023-Premier-League
362,33.0,Wed,2023-04-26,20:00,Manchester City,4,2.5,1,0.5,Arsenal,53482.0,Etihad Stadium,Michael Oliver,https://fbref.com/en/matches/00a73645/Manchester-City-Arsenal-April-26-2023-Premier-League
364,33.0,Thu,2023-04-27,19:45,Southampton,0,0.5,1,0.9,Bournemouth,30414.0,St. Mary's Stadium,Darren England,https://fbref.com/en/matches/37a741a7/Everton-Newcastle-United-April-27-2023-Premier-League
365,33.0,Thu,2023-04-27,20:15,Tottenham,2,2.5,2,2.0,Manchester Utd,61586.0,Tottenham Hotspur Stadium,Anthony Taylor,https://fbref.com/en/matches/ccabe10f/Southampton-Bournemouth-April-27-2023-Premier-League
363,33.0,Thu,2023-04-27,19:45,Everton,1,0.9,4,2.4,Newcastle Utd,39248.0,Goodison Park,Andre Marriner,https://fbref.com/en/matches/8c9a5c5c/Tottenham-Hotspur-Manchester-United-April-27-2023-Premier-League
367,34.0,Sat,2023-04-29,12:30,Crystal Palace,4,2.1,3,1.7,West Ham,25148.0,Selhurst Park,Craig Pawson,https://fbref.com/en/matches/4ec72d3b/Crystal-Palace-West-Ham-United-April-29-2023-Premier-League
368,34.0,Sat,2023-04-29,15:00,Brighton,6,3.3,0,0.8,Wolves,31584.0,The American Express Community Stadium,David Coote,https://fbref.com/en/matches/21f920e0/Brighton-and-Hove-Albion-Wolverhampton-Wanderers-April-29-2023-Premier-League
369,34.0,Sat,2023-04-29,15:00,Brentford,2,1.6,1,0.7,Nott'ham Forest,17080.0,Brentford Community Stadium,Peter Bankes,https://fbref.com/en/matches/3aeacbaa/Brentford-Nottingham-Forest-April-29-2023-Premier-League
370,34.0,Sun,2023-04-30,14:00,Manchester Utd,1,1.2,0,0.6,Aston Villa,73592.0,Old Trafford,Jarred Gillett,https://fbref.com/en/matches/08607696/Manchester-United-Aston-Villa-April-30-2023-Premier-League
371,34.0,Sun,2023-04-30,14:00,Bournemouth,4,1.9,1,1.6,Leeds United,10434.0,Vitality Stadium,Chris Kavanagh,https://fbref.com/en/matches/0b0733ce/Bournemouth-Leeds-United-April-30-2023-Premier-League
372,34.0,Sun,2023-04-30,14:00,Newcastle Utd,3,4.3,1,0.8,Southampton,52234.0,St James' Park,Anthony Taylor,https://fbref.com/en/matches/b16063b6/Newcastle-United-Southampton-April-30-2023-Premier-League
373,34.0,Sun,2023-04-30,14:00,Fulham,1,0.2,2,2.5,Manchester City,24498.0,Craven Cottage,Simon Hooper,https://fbref.com/en/matches/d4d0cb2a/Fulham-Manchester-City-April-30-2023-Premier-League
374,34.0,Sun,2023-04-30,16:30,Liverpool,4,2.2,3,2.0,Tottenham,53275.0,Anfield,Paul Tierney,https://fbref.com/en/matches/e07267b3/Liverpool-Tottenham-Hotspur-April-30-2023-Premier-League
375,34.0,Mon,2023-05-01,20:00,Leicester City,2,3.4,2,3.1,Everton,32173.0,King Power Stadium,Michael Oliver,https://fbref.com/en/matches/95d2cc61/Leicester-City-Everton-May-1-2023-Premier-League
376,34.0,Tue,2023-05-02,20:00,Arsenal,3,1.7,1,0.8,Chelsea,60144.0,Emirates Stadium,Robert Jones,https://fbref.com/en/matches/2d551ff5/North-West-London-Derby-Arsenal-Chelsea-May-2-2023-Premier-League
379,28.0,Wed,2023-05-03,20:00,Manchester City,3,2.3,0,0.4,West Ham,53305.0,Etihad Stadium,John Brooks,https://fbref.com/en/matches/24fb8eca/Liverpool-Fulham-May-3-2023-Premier-League
378,28.0,Wed,2023-05-03,20:00,Liverpool,1,1.8,0,0.9,Fulham,52602.0,Anfield,Stuart Attwell,https://fbref.com/en/matches/fccab6ff/Manchester-City-West-Ham-United-May-3-2023-Premier-League
380,28.0,Thu,2023-05-04,20:00,Brighton,1,2.3,0,1.4,Manchester Utd,31577.0,The American Express Community Stadium,Andre Marriner,https://fbref.com/en/matches/16209587/Brighton-and-Hove-Albion-Manchester-United-May-4-2023-Premier-League
382,35.0,Sat,2023-05-06,15:00,Tottenham,1,0.9,0,0.4,Crystal Palace,61093.0,Tottenham Hotspur Stadium,Darren England,https://fbref.com/en/matches/0f1e1478/Tottenham-Hotspur-Crystal-Palace-May-6-2023-Premier-League
383,35.0,Sat,2023-05-06,15:00,Wolves,1,0.8,0,1.5,Aston Villa,31641.0,Molineux Stadium,Stuart Attwell,https://fbref.com/en/matches/217a7faf/Wolverhampton-Wanderers-Aston-Villa-May-6-2023-Premier-League
384,35.0,Sat,2023-05-06,15:00,Bournemouth,1,1.2,3,1.3,Chelsea,10357.0,Vitality Stadium,John Brooks,https://fbref.com/en/matches/6116824f/Bournemouth-Chelsea-May-6-2023-Premier-League
385,35.0,Sat,2023-05-06,15:00,Manchester City,2,2.6,1,0.2,Leeds United,53406.0,Etihad Stadium,Andy Madley,https://fbref.com/en/matches/7ee695ea/Manchester-City-Leeds-United-May-6-2023-Premier-League
386,35.0,Sat,2023-05-06,17:30,Liverpool,1,2.2,0,0.2,Brentford,52838.0,Anfield,Anthony Taylor,https://fbref.com/en/matches/6e2d1c8c/Liverpool-Brentford-May-6-2023-Premier-League
388,35.0,Sun,2023-05-07,19:00,West Ham,1,1.3,0,1.2,Manchester Utd,62477.0,London Stadium,Peter Bankes,https://fbref.com/en/matches/9bb3a778/Newcastle-United-Arsenal-May-7-2023-Premier-League
387,35.0,Sun,2023-05-07,16:30,Newcastle Utd,0,1.3,2,1.3,Arsenal,50267.0,St James' Park,Chris Kavanagh,https://fbref.com/en/matches/98f0c145/West-Ham-United-Manchester-United-May-7-2023-Premier-League
391,35.0,Mon,2023-05-08,20:00,Nott'ham Forest,4,1.8,3,3.1,Southampton,29154.0,The City Ground,Michael Oliver,https://fbref.com/en/matches/9a5efecc/Fulham-Leicester-City-May-8-2023-Premier-League
390,35.0,Mon,2023-05-08,17:30,Brighton,1,3.2,5,2.3,Everton,31567.0,The American Express Community Stadium,Simon Hooper,https://fbref.com/en/matches/bf8d9047/Brighton-and-Hove-Albion-Everton-May-8-2023-Premier-League
389,35.0,Mon,2023-05-08,15:00,Fulham,5,1.6,3,2.8,Leicester City,24442.0,Craven Cottage,Robert Jones,https://fbref.com/en/matches/23e7953f/Nottingham-Forest-Southampton-May-8-2023-Premier-League
397,36.0,Sat,2023-05-13,15:00,Southampton,0,0.4,2,1.4,Fulham,28978.0,St. Mary's Stadium,Thomas Bramall,https://fbref.com/en/matches/d63581e0/Leeds-United-Newcastle-United-May-13-2023-Premier-League
393,36.0,Sat,2023-05-13,12:30,Leeds United,2,2.1,2,2.4,Newcastle Utd,36955.0,Elland Road,Simon Hooper,https://fbref.com/en/matches/362514ee/Aston-Villa-Tottenham-Hotspur-May-13-2023-Premier-League
394,36.0,Sat,2023-05-13,15:00,Aston Villa,2,1.2,1,1.4,Tottenham,42164.0,Villa Park,Peter Bankes,https://fbref.com/en/matches/96ab0b45/Chelsea-Nottingham-Forest-May-13-2023-Premier-League
395,36.0,Sat,2023-05-13,15:00,Chelsea,2,1.2,2,1.3,Nott'ham Forest,40030.0,Stamford Bridge,Paul Tierney,https://fbref.com/en/matches/a4ffd11f/Crystal-Palace-Bournemouth-May-13-2023-Premier-League
396,36.0,Sat,2023-05-13,15:00,Crystal Palace,2,1.5,0,0.3,Bournemouth,25034.0,Selhurst Park,Michael Salisbury,https://fbref.com/en/matches/e05f67be/Southampton-Fulham-May-13-2023-Premier-League
398,36.0,Sat,2023-05-13,15:00,Manchester Utd,2,3.2,0,0.3,Wolves,73570.0,Old Trafford,John Brooks,https://fbref.com/en/matches/f5d61382/Manchester-United-Wolverhampton-Wanderers-May-13-2023-Premier-League
400,36.0,Sun,2023-05-14,14:00,Brentford,2,3.4,0,0.2,West Ham,17075.0,Brentford Community Stadium,Michael Oliver,https://fbref.com/en/matches/704aa0f3/Everton-Manchester-City-May-14-2023-Premier-League
401,36.0,Sun,2023-05-14,16:30,Arsenal,0,0.9,3,1.7,Brighton,60139.0,Emirates Stadium,Andy Madley,https://fbref.com/en/matches/9a41c925/Brentford-West-Ham-United-May-14-2023-Premier-League
399,36.0,Sun,2023-05-14,14:00,Everton,0,1.6,3,0.8,Manchester City,39376.0,Goodison Park,Anthony Taylor,https://fbref.com/en/matches/dc6fb985/Arsenal-Brighton-and-Hove-Albion-May-14-2023-Premier-League
402,36.0,Mon,2023-05-15,20:00,Leicester City,0,0.4,3,2.2,Liverpool,32225.0,King Power Stadium,Craig Pawson,https://fbref.com/en/matches/7dd0fbd7/Leicester-City-Liverpool-May-15-2023-Premier-League
404,25.0,Thu,2023-05-18,19:30,Newcastle Utd,4,3.6,1,0.5,Brighton,52122.0,St James' Park,Robert Jones,https://fbref.com/en/matches/e265430e/Newcastle-United-Brighton-and-Hove-Albion-May-18-2023-Premier-League
406,37.0,Sat,2023-05-20,12:30,Tottenham,1,1.8,3,1.3,Brentford,61514.0,Tottenham Hotspur Stadium,Jarred Gillett,https://fbref.com/en/matches/28ebbaf2/Tottenham-Hotspur-Brentford-May-20-2023-Premier-League
407,37.0,Sat,2023-05-20,15:00,Liverpool,1,0.7,1,1.3,Aston Villa,53306.0,Anfield,John Brooks,https://fbref.com/en/matches/72646bde/Liverpool-Aston-Villa-May-20-2023-Premier-League
408,37.0,Sat,2023-05-20,15:00,Fulham,2,1.7,2,1.6,Crystal Palace,24356.0,Craven Cottage,Joshua Smith,https://fbref.com/en/matches/844f2c37/Fulham-Crystal-Palace-May-20-2023-Premier-League
409,37.0,Sat,2023-05-20,15:00,Bournemouth,0,1.0,1,1.4,Manchester Utd,10240.0,Vitality Stadium,Chris Kavanagh,https://fbref.com/en/matches/ec496eca/Bournemouth-Manchester-United-May-20-2023-Premier-League
410,37.0,Sat,2023-05-20,15:00,Wolves,1,1.6,1,2.0,Everton,31684.0,Molineux Stadium,David Coote,https://fbref.com/en/matches/ff2b58c3/Wolverhampton-Wanderers-Everton-May-20-2023-Premier-League
411,37.0,Sat,2023-05-20,17:30,Nott'ham Forest,1,0.6,0,0.6,Arsenal,29514.0,The City Ground,Anthony Taylor,https://fbref.com/en/matches/9a2ea2b3/Nottingham-Forest-Arsenal-May-20-2023-Premier-League
412,37.0,Sun,2023-05-21,13:30,West Ham,3,2.1,1,0.9,Leeds United,62478.0,London Stadium,Peter Bankes,https://fbref.com/en/matches/0359c7d5/West-Ham-United-Leeds-United-May-21-2023-Premier-League
413,37.0,Sun,2023-05-21,14:00,Brighton,3,2.5,1,0.6,Southampton,31507.0,The American Express Community Stadium,Paul Tierney,https://fbref.com/en/matches/017addef/Brighton-and-Hove-Albion-Southampton-May-21-2023-Premier-League
414,37.0,Sun,2023-05-21,16:00,Manchester City,1,1.2,0,1.2,Chelsea,53490.0,Etihad Stadium,Michael Oliver,https://fbref.com/en/matches/589e447b/Manchester-City-Chelsea-May-21-2023-Premier-League
415,37.0,Mon,2023-05-22,20:00,Newcastle Utd,0,2.1,0,0.1,Leicester City,52152.0,St James' Park,Andre Marriner,https://fbref.com/en/matches/807863d8/Newcastle-United-Leicester-City-May-22-2023-Premier-League
417,32.0,Wed,2023-05-24,20:00,Brighton,1,2.2,1,1.8,Manchester City,31388.0,The American Express Community Stadium,Simon Hooper,https://fbref.com/en/matches/d4bee10d/Brighton-and-Hove-Albion-Manchester-City-May-24-2023-Premier-League
418,32.0,Thu,2023-05-25,20:00,Manchester Utd,4,5.2,1,1.9,Chelsea,73561.0,Old Trafford,Stuart Attwell,https://fbref.com/en/matches/d2f2263d/Manchester-United-Chelsea-May-25-2023-Premier-League
427,38.0,Sun,2023-05-28,16:30,Aston Villa,2,2.8,1,1.4,Brighton,,Villa Park,David Coote,https://fbref.com/en/matches/181fd119/Crystal-Palace-Nottingham-Forest-May-28-2023-Premier-League
426,38.0,Sun,2023-05-28,16:30,Leicester City,2,1.4,1,1.4,West Ham,32183.0,King Power Stadium,Simon Hooper,https://fbref.com/en/matches/4f7b1a0d/Chelsea-Newcastle-United-May-28-2023-Premier-League
425,38.0,Sun,2023-05-28,16:30,Everton,1,1.0,0,0.5,Bournemouth,39201.0,Goodison Park,Stuart Attwell,https://fbref.com/en/matches/64823dc9/Manchester-United-Fulham-May-28-2023-Premier-League
424,38.0,Sun,2023-05-28,16:30,Southampton,4,1.8,4,4.0,Liverpool,31129.0,St. Mary's Stadium,Darren England,https://fbref.com/en/matches/71d5bd41/Arsenal-Wolverhampton-Wanderers-May-28-2023-Premier-League
428,38.0,Sun,2023-05-28,16:30,Leeds United,1,1.5,4,2.2,Tottenham,36871.0,Elland Road,Anthony Taylor,https://fbref.com/en/matches/8e5c6ea7/Southampton-Liverpool-May-28-2023-Premier-League
422,38.0,Sun,2023-05-28,16:30,Manchester Utd,2,2.9,1,1.8,Fulham,73465.0,Old Trafford,Robert Jones,https://fbref.com/en/matches/94de848f/Everton-Bournemouth-May-28-2023-Premier-League
421,38.0,Sun,2023-05-28,16:30,Chelsea,1,2.2,1,1.7,Newcastle Utd,40130.0,Stamford Bridge,Jarred Gillett,https://fbref.com/en/matches/a96c9915/Leicester-City-West-Ham-United-May-28-2023-Premier-League
420,38.0,Sun,2023-05-28,16:30,Crystal Palace,1,1.4,1,0.5,Nott'ham Forest,25198.0,Selhurst Park,Thomas Bramall,https://fbref.com/en/matches/ac0e65e2/Aston-Villa-Brighton-and-Hove-Albion-May-28-2023-Premier-League
423,38.0,Sun,2023-05-28,16:30,Arsenal,5,2.8,0,0.5,Wolves,60095.0,Emirates Stadium,Andre Marriner,https://fbref.com/en/matches/c9c73ddd/Leeds-United-Tottenham-Hotspur-May-28-2023-Premier-League
429,38.0,Sun,2023-05-28,16:30,Brentford,1,1.3,0,1.6,Manchester City,17120.0,Brentford Community Stadium,John Brooks,https://fbref.com/en/matches/e7e969e9/Brentford-Manchester-City-May-28-2023-Premier-League
